date,industry,oph,gva,hours
1997 Q1,WE,77.6778,64.5075,83.045
1997 Q2,WE,77.8881,65.0251,83.4853
1997 Q3,WE,78.2054,65.4281,83.6618
1997 Q4,WE,79.0627,66.1198,83.6296
1998 Q1,WE,79.1483,66.5152,84.0386
1998 Q2,WE,79.8168,67.0765,84.0381
1998 Q3,WE,80.0547,67.5391,84.3662
1998 Q4,WE,81.1679,68.1369,83.9455
1999 Q1,WE,81.203,68.5626,84.4336
1999 Q2,WE,81.1318,68.678,84.65
1999 Q3,WE,82.0445,69.7799,85.0513
1999 Q4,WE,82.9919,70.759,85.2601
2000 Q1,WE,85.0854,71.5252,84.0628
2000 Q2,WE,84.805,72.1685,85.0994
2000 Q3,WE,85.2926,72.6417,85.1677
2000 Q4,WE,84.9847,72.9717,85.8645
2001 Q1,WE,85.8907,73.5184,85.5954
2001 Q2,WE,85.646,73.7886,86.1554
2001 Q3,WE,86.0817,74.0362,86.0069
2001 Q4,WE,86.213,74.0406,85.881
2002 Q1,WE,86.6645,74.2594,85.686
2002 Q2,WE,87.5596,74.6845,85.2956
2002 Q3,WE,87.4667,75.1475,85.9156
2002 Q4,WE,88.1219,75.8256,86.0464
2003 Q1,WE,88.8902,76.4266,85.9786
2003 Q2,WE,89.3088,77.0116,86.2307
2003 Q3,WE,89.9893,77.6923,86.335
2003 Q4,WE,90.967,78.1567,85.9176
2004 Q1,WE,90.3343,78.4042,86.7934
2004 Q2,WE,91.2636,78.9246,86.4798
2004 Q3,WE,91.37,79.1994,86.6799
2004 Q4,WE,90.5819,79.4706,87.7333
2005 Q1,WE,91.2218,80.1033,87.8116
2005 Q2,WE,92.2292,80.9066,87.7235
2005 Q3,WE,92.4016,81.6334,88.3463
2005 Q4,WE,93.4784,82.5673,88.3277
2006 Q1,WE,93.4634,82.7709,88.5597
2006 Q2,WE,93.9674,83.1093,88.4448
2006 Q3,WE,93.9445,83.2075,88.5709
2006 Q4,WE,93.9348,83.5352,88.929
2007 Q1,WE,94.8724,84.5068,89.0741
2007 Q2,WE,95.0024,84.9947,89.4659
2007 Q3,WE,95.4475,85.5635,89.6445
2007 Q4,WE,96.0767,86.1264,89.6434
2008 Q1,WE,95.5307,86.7222,90.7794
2008 Q2,WE,96.3082,86.467,89.7816
2008 Q3,WE,94.68,85.0593,89.8388
2008 Q4,WE,93.0363,83.0781,89.2964
2009 Q1,WE,92.8841,81.5352,87.7816
2009 Q2,WE,92.8587,81.209,87.4544
2009 Q3,WE,93.6103,81.4358,86.9945
2009 Q4,WE,93.9679,81.7766,87.0261
2010 Q1,WE,94.9903,82.5629,86.9172
2010 Q2,WE,95.3212,83.5604,87.662
2010 Q3,WE,95.453,84.1006,88.1068
2010 Q4,WE,95.1502,84.1884,88.4795
2011 Q1,WE,95.2019,84.2728,88.52
2011 Q2,WE,96.3361,84.3684,87.5772
2011 Q3,WE,96.1373,84.7068,88.1101
2011 Q4,WE,96.423,84.8711,88.0196
2012 Q1,WE,96.3394,85.6063,88.8591
2012 Q2,WE,95.582,85.5207,89.4736
2012 Q3,WE,95.7104,86.5,90.3768
2012 Q4,WE,95.2192,86.3136,90.6473
2013 Q1,WE,95.517,86.6604,90.7277
2013 Q2,WE,95.7405,87.097,90.9719
2013 Q3,WE,95.4101,87.8239,92.0489
2013 Q4,WE,95.7531,88.2947,92.2107
2014 Q1,WE,95.724,89.0698,93.0485
2014 Q2,WE,95.841,90.0371,93.9442
2014 Q3,WE,96.2984,90.7647,94.2535
2014 Q4,WE,96.3391,91.3436,94.8147
2015 Q1,WE,96.3075,91.5656,95.0763
2015 Q2,WE,97.0196,92.1232,94.9532
2015 Q3,WE,97.2503,92.3749,94.9868
2015 Q4,WE,96.0553,93.0387,96.8595
2016 Q1,WE,96.9087,93.3969,96.3761
2016 Q2,WE,97.4407,94.1478,96.6206
2016 Q3,WE,97.7884,94.7014,96.8431
2016 Q4,WE,97.9776,95.2569,97.2231
2017 Q1,WE,98.0373,95.9137,97.8339
2017 Q2,WE,98.0557,96.4416,98.3539
2017 Q3,WE,99.6622,97.0526,97.3815
2017 Q4,WE,99.9627,97.5673,97.6037
2018 Q1,WE,99.4713,97.5625,98.0811
2018 Q2,WE,99.8126,98.0619,98.2461
2018 Q3,WE,99.5359,98.6505,99.1105
2018 Q4,WE,99.9088,98.949,99.0394
2019 Q1,WE,99.4568,99.539,100.0826
2019 Q2,WE,99.5725,99.623,100.0507
2019 Q3,WE,100.3677,100.4207,100.0528
2019 Q4,WE,100.6045,100.4173,99.8139
2020 Q1,WE,99.8477,98.0119,98.1614
2020 Q2,WE,96.0692,77.4681,80.6378
2020 Q3,WE,103.9351,90.4831,87.0573
2020 Q4,WE,99.7095,91.7558,92.0231
2021 Q1,WE,100.1655,90.6611,90.5113
2021 Q2,WE,100.9556,96.2654,95.3543
2021 Q3,WE,100.079,97.9203,97.843
2021 Q4,WE,101.5555,99.4098,97.8872
2022 Q1,WE,100.781,99.961,99.1863
2022 Q2,WE,101.1175,100.2585,99.1506
2022 Q3,WE,101.4739,100.1641,98.7092
2022 Q4,WE,101.8963,100.3033,98.4367
2023 Q1,WE,100.4482,100.4371,99.989
1997 Q1,A: 01 to 03,43.1267,52.7973,122.4236
1997 Q2,A: 01 to 03,43.9309,54.8075,124.7585
1997 Q3,A: 01 to 03,44.252,56.995,128.7966
1997 Q4,A: 01 to 03,48.7767,61.2224,125.5156
1998 Q1,A: 01 to 03,53.5692,67.0756,125.213
1998 Q2,A: 01 to 03,55.2834,66.5435,120.368
1998 Q3,A: 01 to 03,55.2775,63.9125,115.6212
1998 Q4,A: 01 to 03,58.9563,64.0307,108.6071
1999 Q1,A: 01 to 03,67.2078,73.6088,109.5241
1999 Q2,A: 01 to 03,65.5108,70.6821,107.8938
1999 Q3,A: 01 to 03,69.4499,73.2244,105.4349
1999 Q4,A: 01 to 03,76.5367,79.3437,103.6676
2000 Q1,A: 01 to 03,83.7974,83.4233,99.5535
2000 Q2,A: 01 to 03,81.9728,80.6149,98.3434
2000 Q3,A: 01 to 03,83.0802,80.5262,96.9258
2000 Q4,A: 01 to 03,81.7215,80.4966,98.5012
2001 Q1,A: 01 to 03,87.6624,79.2255,90.3757
2001 Q2,A: 01 to 03,89.9891,79.1959,88.0062
2001 Q3,A: 01 to 03,95.0139,83.4233,87.8011
2001 Q4,A: 01 to 03,94.5654,85.2561,90.1556
2002 Q1,A: 01 to 03,113.2474,101.0716,89.2485
2002 Q2,A: 01 to 03,116.2813,102.0767,87.7843
2002 Q3,A: 01 to 03,116.7774,101.6333,87.0316
2002 Q4,A: 01 to 03,121.7616,99.5048,81.721
2003 Q1,A: 01 to 03,114.4878,97.7016,85.338
2003 Q2,A: 01 to 03,113.8378,98.9136,86.89
2003 Q3,A: 01 to 03,109.7429,97.406,88.7583
2003 Q4,A: 01 to 03,103.3103,94.2724,91.2517
2004 Q1,A: 01 to 03,98.3658,87.9462,89.4073
2004 Q2,A: 01 to 03,92.0386,84.251,91.5387
2004 Q3,A: 01 to 03,94.6348,86.1134,90.9954
2004 Q4,A: 01 to 03,97.2964,89.306,91.7876
2005 Q1,A: 01 to 03,112.6134,109.7332,97.4424
2005 Q2,A: 01 to 03,106.0684,98.6476,93.0037
2005 Q3,A: 01 to 03,101.2844,87.4436,86.3347
2005 Q4,A: 01 to 03,88.6411,83.0094,93.6466
2006 Q1,A: 01 to 03,93.4507,87.4436,93.5719
2006 Q2,A: 01 to 03,104.2752,93.7107,89.8687
2006 Q3,A: 01 to 03,106.1684,96.933,91.3011
2006 Q4,A: 01 to 03,96.8975,91.6119,94.5451
2007 Q1,A: 01 to 03,93.1206,81.8565,87.9037
2007 Q2,A: 01 to 03,88.2122,80.8218,91.622
2007 Q3,A: 01 to 03,90.7149,81.5313,89.8765
2007 Q4,A: 01 to 03,94.8538,84.5466,89.1335
2008 Q1,A: 01 to 03,112.9682,101.2194,89.6
2008 Q2,A: 01 to 03,108.7963,102.9636,94.6388
2008 Q3,A: 01 to 03,112.2105,103.3479,92.1018
2008 Q4,A: 01 to 03,105.2344,102.2836,97.1961
2009 Q1,A: 01 to 03,97.1379,101.722,104.7192
2009 Q2,A: 01 to 03,96.5709,98.7658,102.2729
2009 Q3,A: 01 to 03,90.1681,93.7699,103.9945
2009 Q4,A: 01 to 03,85.1709,88.3601,103.7445
2010 Q1,A: 01 to 03,76.0496,81.0879,106.6249
2010 Q2,A: 01 to 03,70.7771,78.6638,111.1431
2010 Q3,A: 01 to 03,70.4223,79.4324,112.7944
2010 Q4,A: 01 to 03,72.8145,83.3937,114.529
2011 Q1,A: 01 to 03,93.5696,103.4366,110.5451
2011 Q2,A: 01 to 03,100.5876,104.9738,104.3605
2011 Q3,A: 01 to 03,92.7281,102.1063,110.1137
2011 Q4,A: 01 to 03,93.915,99.2683,105.7002
2012 Q1,A: 01 to 03,83.3603,88.1827,105.785
2012 Q2,A: 01 to 03,80.9531,87.2072,107.7256
2012 Q3,A: 01 to 03,83.6405,86.2612,103.1333
2012 Q4,A: 01 to 03,87.5393,84.1623,96.1423
2013 Q1,A: 01 to 03,85.7658,78.9594,92.064
2013 Q2,A: 01 to 03,84.6314,80.408,95.0096
2013 Q3,A: 01 to 03,86.2171,86.1429,99.914
2013 Q4,A: 01 to 03,94.377,94.8932,100.547
2014 Q1,A: 01 to 03,110.0753,121.144,110.0556
2014 Q2,A: 01 to 03,110.4593,124.1889,112.4295
2014 Q3,A: 01 to 03,108.0419,121.351,112.3185
2014 Q4,A: 01 to 03,103.1185,115.3204,111.8329
2015 Q1,A: 01 to 03,107.3914,108.0482,100.6115
2015 Q2,A: 01 to 03,109.3004,105.6537,96.6636
2015 Q3,A: 01 to 03,105.6085,102.3428,96.9077
2015 Q4,A: 01 to 03,92.038,99.9778,108.6267
2016 Q1,A: 01 to 03,93.3922,91.3754,97.8404
2016 Q2,A: 01 to 03,93.1267,92.41,99.2304
2016 Q3,A: 01 to 03,95.771,94.0359,98.1883
2016 Q4,A: 01 to 03,91.1164,96.0757,105.4428
2017 Q1,A: 01 to 03,91.4337,101.0421,110.5085
2017 Q2,A: 01 to 03,97.0299,100.7464,103.8303
2017 Q3,A: 01 to 03,94.9855,97.5833,102.735
2017 Q4,A: 01 to 03,88.4453,91.6414,103.6136
2018 Q1,A: 01 to 03,79.7805,81.3835,102.0092
2018 Q2,A: 01 to 03,77.8278,82.832,106.4299
2018 Q3,A: 01 to 03,86.6351,86.0838,99.3637
2018 Q4,A: 01 to 03,90.2065,91.8779,101.8529
2019 Q1,A: 01 to 03,96.476,96.7852,100.3205
2019 Q2,A: 01 to 03,97.8328,97.9676,100.1379
2019 Q3,A: 01 to 03,99.9094,101.8107,101.9029
2019 Q4,A: 01 to 03,105.9381,103.4366,97.6387
2020 Q1,A: 01 to 03,106.0749,102.6975,96.816
2020 Q2,A: 01 to 03,94.1001,91.1093,96.8217
2020 Q3,A: 01 to 03,99.9149,95.8687,95.9504
2020 Q4,A: 01 to 03,103.1746,96.3713,93.406
2021 Q1,A: 01 to 03,105.0067,98.4406,93.747
2021 Q2,A: 01 to 03,109.8643,100.7169,91.6739
2021 Q3,A: 01 to 03,118.0463,104.4417,88.4752
2021 Q4,A: 01 to 03,123.5689,104.6781,84.7124
2022 Q1,A: 01 to 03,131.1729,105.3285,80.2974
2022 Q2,A: 01 to 03,134.8718,105.9493,78.5555
2022 Q3,A: 01 to 03,138.8417,105.8902,76.2668
2022 Q4,A: 01 to 03,135.1138,105.3581,77.9773
2023 Q1,A: 01 to 03,133.6524,105.3876,78.852
1997 Q1,B: 05 to 09,359.9855,403.9124,112.2024
1997 Q2,B: 05 to 09,342.7388,380.1075,110.903
1997 Q3,B: 05 to 09,356.7782,386.8852,108.4386
1997 Q4,B: 05 to 09,359.1191,390.3201,108.6882
1998 Q1,B: 05 to 09,365.1225,397.5754,108.8882
1998 Q2,B: 05 to 09,339.9485,387.0138,113.8448
1998 Q3,B: 05 to 09,301.3581,363.2273,120.5301
1998 Q4,B: 05 to 09,288.7142,357.2577,123.7409
1999 Q1,B: 05 to 09,303.3635,374.4134,123.4207
1999 Q2,B: 05 to 09,314.4583,380.0891,120.8711
1999 Q3,B: 05 to 09,308.414,381.7238,123.77
1999 Q4,B: 05 to 09,299.1539,357.2944,119.435
2000 Q1,B: 05 to 09,266.6214,317.7665,119.1827
2000 Q2,B: 05 to 09,289.0392,340.0836,117.66
2000 Q3,B: 05 to 09,289.5661,351.8942,121.5246
2000 Q4,B: 05 to 09,299.721,351.8758,117.4011
2001 Q1,B: 05 to 09,272.1144,325.132,119.4836
2001 Q2,B: 05 to 09,266.1607,320.4665,120.4034
2001 Q3,B: 05 to 09,272.7014,316.095,115.9125
2001 Q4,B: 05 to 09,271.7702,313.8541,115.4851
2002 Q1,B: 05 to 09,287.6175,319.5481,111.1018
2002 Q2,B: 05 to 09,302.3623,322.3401,106.6072
2002 Q3,B: 05 to 09,278.4717,289.296,103.8871
2002 Q4,B: 05 to 09,271.2438,293.4105,108.1723
2003 Q1,B: 05 to 09,297.7194,295.2656,99.1758
2003 Q2,B: 05 to 09,278.617,282.7203,101.4728
2003 Q3,B: 05 to 09,262.1049,283.253,108.0685
2003 Q4,B: 05 to 09,270.6175,281.1039,103.875
2004 Q1,B: 05 to 09,294.0815,262.6808,89.3225
2004 Q2,B: 05 to 09,300.009,279.0651,93.0189
2004 Q3,B: 05 to 09,296.7728,274.1608,92.3807
2004 Q4,B: 05 to 09,283.1518,266.4463,94.1002
2005 Q1,B: 05 to 09,251.0561,238.0126,94.8045
2005 Q2,B: 05 to 09,258.9963,249.713,96.4156
2005 Q3,B: 05 to 09,256.0904,243.7801,95.193
2005 Q4,B: 05 to 09,241.2233,237.2779,98.3644
2006 Q1,B: 05 to 09,213.2866,212.4627,99.6137
2006 Q2,B: 05 to 09,223.3783,211.2137,94.5542
2006 Q3,B: 05 to 09,217.5669,215.4934,99.047
2006 Q4,B: 05 to 09,217.9212,206.8972,94.9413
2007 Q1,B: 05 to 09,227.3352,205.5196,90.4038
2007 Q2,B: 05 to 09,221.4639,201.148,90.8265
2007 Q3,B: 05 to 09,203.462,188.3455,92.5704
2007 Q4,B: 05 to 09,184.5898,178.739,96.8304
2008 Q1,B: 05 to 09,157.2006,160.0404,101.8065
2008 Q2,B: 05 to 09,175.6308,171.5755,97.691
2008 Q3,B: 05 to 09,196.5378,181.6228,92.4111
2008 Q4,B: 05 to 09,226.0132,184.5066,81.6353
2009 Q1,B: 05 to 09,186.7336,180.3371,96.5745
2009 Q2,B: 05 to 09,182.0836,165.7345,91.0211
2009 Q3,B: 05 to 09,159.4647,150.0482,94.0949
2009 Q4,B: 05 to 09,156.9974,143.1786,91.1981
2010 Q1,B: 05 to 09,152.1579,141.8928,93.2537
2010 Q2,B: 05 to 09,151.3625,149.0747,98.4886
2010 Q3,B: 05 to 09,134.907,143.95,106.7031
2010 Q4,B: 05 to 09,126.189,131.4598,104.1769
2011 Q1,B: 05 to 09,90.7704,98.1586,108.1395
2011 Q2,B: 05 to 09,94.3223,102.4384,108.6046
2011 Q3,B: 05 to 09,101.9161,107.8018,105.775
2011 Q4,B: 05 to 09,92.2209,109.2896,118.5085
2012 Q1,B: 05 to 09,84.0206,97.9015,116.5207
2012 Q2,B: 05 to 09,75.2122,93.1992,123.915
2012 Q3,B: 05 to 09,58.8324,91.3992,155.3551
2012 Q4,B: 05 to 09,65.7756,79.2947,120.5534
2013 Q1,B: 05 to 09,52.2061,75.3639,144.3584
2013 Q2,B: 05 to 09,60.4167,76.117,125.9867
2013 Q3,B: 05 to 09,59.9009,79.6069,132.8977
2013 Q4,B: 05 to 09,66.1712,83.9785,126.911
2014 Q1,B: 05 to 09,73.2093,89.8563,122.7388
2014 Q2,B: 05 to 09,65.565,79.5886,121.3887
2014 Q3,B: 05 to 09,62.7042,73.3067,116.9088
2014 Q4,B: 05 to 09,58.1009,76.0803,130.9451
2015 Q1,B: 05 to 09,83.9522,92.6849,110.4021
2015 Q2,B: 05 to 09,76.5962,92.9054,121.2924
2015 Q3,B: 05 to 09,78.7612,89.544,113.6905
2015 Q4,B: 05 to 09,79.0482,89.544,113.2778
2016 Q1,B: 05 to 09,90.356,98.5627,109.0826
2016 Q2,B: 05 to 09,100.4624,101.7404,101.2721
2016 Q3,B: 05 to 09,108.2571,105.2854,97.255
2016 Q4,B: 05 to 09,90.6218,93.6768,103.3712
2017 Q1,B: 05 to 09,92.4611,84.603,91.5012
2017 Q2,B: 05 to 09,93.0961,90.0951,96.7764
2017 Q3,B: 05 to 09,96.0607,96.0279,99.9659
2017 Q4,B: 05 to 09,100.102,97.5708,97.4714
2018 Q1,B: 05 to 09,81.0506,81.2784,100.2811
2018 Q2,B: 05 to 09,84.2684,93.8972,111.4264
2018 Q3,B: 05 to 09,88.8606,104.8629,118.0083
2018 Q4,B: 05 to 09,113.8778,111.5305,97.9388
2019 Q1,B: 05 to 09,108.7754,108.5733,99.8141
2019 Q2,B: 05 to 09,106.8296,98.9301,92.6055
2019 Q3,B: 05 to 09,96.2357,98.2872,102.1317
2019 Q4,B: 05 to 09,89.3415,94.2095,105.4487
2020 Q1,B: 05 to 09,89.8249,96.7443,107.7032
2020 Q2,B: 05 to 09,92.7454,99.2791,107.0447
2020 Q3,B: 05 to 09,100.134,96.3585,96.2296
2020 Q4,B: 05 to 09,118.8724,94.632,79.608
2021 Q1,B: 05 to 09,97.3425,89.9665,92.4226
2021 Q2,B: 05 to 09,80.463,73.0679,90.8094
2021 Q3,B: 05 to 09,100.5952,90.8849,90.3472
2021 Q4,B: 05 to 09,97.483,87.7991,90.066
2022 Q1,B: 05 to 09,94.2137,90.2604,95.8038
2022 Q2,B: 05 to 09,93.564,87.5419,93.5636
2022 Q3,B: 05 to 09,91.621,86.55,94.4653
2022 Q4,B: 05 to 09,95.0091,84.4377,88.8733
2023 Q1,B: 05 to 09,90.3469,79.9192,88.4581
1997 Q1,C: 10 to 33,41.7553,67.4579,161.5553
1997 Q2,C: 10 to 33,41.4964,67.5112,162.6916
1997 Q3,C: 10 to 33,42.4456,68.48,161.3359
1997 Q4,C: 10 to 33,43.8448,70.3661,160.489
1998 Q1,C: 10 to 33,44.6372,72.1681,161.6771
1998 Q2,C: 10 to 33,44.1468,71.4231,161.7852
1998 Q3,C: 10 to 33,43.4837,70.245,161.5431
1998 Q4,C: 10 to 33,44.4709,70.2573,157.9848
1999 Q1,C: 10 to 33,46.6319,72.359,155.1706
1999 Q2,C: 10 to 33,47.4023,72.6258,153.2115
1999 Q3,C: 10 to 33,49.3776,75.2405,152.3777
1999 Q4,C: 10 to 33,50.5572,77.0548,152.4111
2000 Q1,C: 10 to 33,52.4039,78.0667,148.9712
2000 Q2,C: 10 to 33,51.7064,77.139,149.1864
2000 Q3,C: 10 to 33,52.4312,76.8414,146.5565
2000 Q4,C: 10 to 33,54.3166,78.2883,144.1333
2001 Q1,C: 10 to 33,55.7157,79.9241,143.4499
2001 Q2,C: 10 to 33,55.1745,78.6249,142.5023
2001 Q3,C: 10 to 33,56.5386,78.9266,139.5977
2001 Q4,C: 10 to 33,57.329,78.707,137.29
2002 Q1,C: 10 to 33,59.8182,81.1904,135.7286
2002 Q2,C: 10 to 33,60.8885,80.8805,132.8338
2002 Q3,C: 10 to 33,62.6082,82.584,131.9061
2002 Q4,C: 10 to 33,62.5792,81.605,130.4028
2003 Q1,C: 10 to 33,65.3525,83.0581,127.0925
2003 Q2,C: 10 to 33,66.3332,83.253,125.5074
2003 Q3,C: 10 to 33,68.0039,84.0432,123.5859
2003 Q4,C: 10 to 33,69.6528,85.2131,122.3398
2004 Q1,C: 10 to 33,72.598,87.8771,121.0461
2004 Q2,C: 10 to 33,71.7721,86.1346,120.0113
2004 Q3,C: 10 to 33,69.9903,83.801,119.7323
2004 Q4,C: 10 to 33,70.8942,84.6425,119.3927
2005 Q1,C: 10 to 33,73.0078,85.601,117.249
2005 Q2,C: 10 to 33,75.4168,87.1136,115.5095
2005 Q3,C: 10 to 33,76.0505,87.1998,114.6603
2005 Q4,C: 10 to 33,79.1287,88.6364,112.0156
2006 Q1,C: 10 to 33,82.2041,91.8649,111.7522
2006 Q2,C: 10 to 33,82.7877,92.2835,111.47
2006 Q3,C: 10 to 33,83.2114,92.6263,111.3145
2006 Q4,C: 10 to 33,84.0401,93.6012,111.3768
2007 Q1,C: 10 to 33,84.2502,93.4226,110.8871
2007 Q2,C: 10 to 33,84.7055,92.6283,109.3534
2007 Q3,C: 10 to 33,84.4568,92.2507,109.2283
2007 Q4,C: 10 to 33,86.3716,92.9649,107.6337
2008 Q1,C: 10 to 33,88.117,95.3375,108.1941
2008 Q2,C: 10 to 33,88.9699,95.0214,106.8018
2008 Q3,C: 10 to 33,89.2889,94.0486,105.3307
2008 Q4,C: 10 to 33,87.0029,89.7427,103.1491
2009 Q1,C: 10 to 33,86.1464,85.1125,98.7999
2009 Q2,C: 10 to 33,86.8166,85.2911,98.2428
2009 Q3,C: 10 to 33,86.8129,84.6938,97.559
2009 Q4,C: 10 to 33,87.9093,85.6338,97.4115
2010 Q1,C: 10 to 33,88.2725,85.8206,97.2223
2010 Q2,C: 10 to 33,89.406,86.8365,97.126
2010 Q3,C: 10 to 33,89.0569,86.6764,97.327
2010 Q4,C: 10 to 33,86.5532,86.5061,99.9455
2011 Q1,C: 10 to 33,86.881,86.0812,99.0795
2011 Q2,C: 10 to 33,88.6578,85.7405,96.7095
2011 Q3,C: 10 to 33,88.5833,85.1104,96.0795
2011 Q4,C: 10 to 33,88.6845,84.7061,95.5141
2012 Q1,C: 10 to 33,90.1241,86.58,96.0675
2012 Q2,C: 10 to 33,88.8781,86.7236,97.5759
2012 Q3,C: 10 to 33,89.7412,88.228,98.3139
2012 Q4,C: 10 to 33,90.3771,87.9694,97.336
2013 Q1,C: 10 to 33,90.5982,88.5277,97.7146
2013 Q2,C: 10 to 33,91.9719,90.1039,97.9689
2013 Q3,C: 10 to 33,92.4539,91.7479,99.2363
2013 Q4,C: 10 to 33,94.1331,92.4621,98.2249
2014 Q1,C: 10 to 33,95.5232,93.8167,98.2135
2014 Q2,C: 10 to 33,94.713,93.6217,98.8477
2014 Q3,C: 10 to 33,94.7588,93.3918,98.5574
2014 Q4,C: 10 to 33,94.1213,93.2461,99.0701
2015 Q1,C: 10 to 33,94.524,94.3913,99.8597
2015 Q2,C: 10 to 33,95.3514,94.9209,99.5485
2015 Q3,C: 10 to 33,95.4079,94.3092,98.8485
2015 Q4,C: 10 to 33,91.5998,93.2051,101.7524
2016 Q1,C: 10 to 33,94.0187,92.4744,98.3574
2016 Q2,C: 10 to 33,95.6159,94.7402,99.0842
2016 Q3,C: 10 to 33,94.734,93.6443,98.8497
2016 Q4,C: 10 to 33,94.846,93.6668,98.7567
2017 Q1,C: 10 to 33,95.4528,93.7099,98.1741
2017 Q2,C: 10 to 33,93.743,93.6545,99.9056
2017 Q3,C: 10 to 33,94.3937,94.7505,100.378
2017 Q4,C: 10 to 33,96.9007,96.9445,100.0452
2018 Q1,C: 10 to 33,99.1681,99.276,100.1089
2018 Q2,C: 10 to 33,99.1292,99.2678,100.1398
2018 Q3,C: 10 to 33,99.0617,99.1098,100.0486
2018 Q4,C: 10 to 33,98.1765,97.6813,99.4956
2019 Q1,C: 10 to 33,98.9814,100.1709,101.2017
2019 Q2,C: 10 to 33,98.3228,98.7157,100.3996
2019 Q3,C: 10 to 33,99.3542,99.9225,100.572
2019 Q4,C: 10 to 33,103.439,101.1909,97.8267
2020 Q1,C: 10 to 33,105.7799,102.2232,96.6377
2020 Q2,C: 10 to 33,107.1272,83.8051,78.2296
2020 Q3,C: 10 to 33,124.3886,104.1607,83.7381
2020 Q4,C: 10 to 33,121.0551,110.2604,91.0829
2021 Q1,C: 10 to 33,122.5048,109.5277,89.4068
2021 Q2,C: 10 to 33,119.9529,110.9726,92.5135
2021 Q3,C: 10 to 33,119.9764,109.9915,91.6777
2021 Q4,C: 10 to 33,116.6211,108.6082,93.1291
2022 Q1,C: 10 to 33,113.4083,107.3891,94.6925
2022 Q2,C: 10 to 33,113.2979,106.3342,93.8536
2022 Q3,C: 10 to 33,110.7234,104.3044,94.2026
2022 Q4,C: 10 to 33,110.7996,104.8544,94.6343
2023 Q1,C: 10 to 33,111.5887,105.5091,94.5518
1997 Q1,D: 35,97.0238,74.5756,76.8632
1997 Q2,D: 35,99.1174,78.4521,79.1507
1997 Q3,D: 35,98.083,80.2548,81.8234
1997 Q4,D: 35,109.2841,82.8166,75.781
1998 Q1,D: 35,104.422,83.1554,79.634
1998 Q2,D: 35,106.0152,85.5952,80.7386
1998 Q3,D: 35,112.9627,85.2021,75.425
1998 Q4,D: 35,128.2716,92.169,71.8546
1999 Q1,D: 35,169.6955,113.1646,66.6869
1999 Q2,D: 35,168.7765,112.7308,66.793
1999 Q3,D: 35,157.289,104.0968,66.1818
1999 Q4,D: 35,144.7743,92.5892,63.9542
2000 Q1,D: 35,132.1909,85.0937,64.3718
2000 Q2,D: 35,126.9107,84.4295,66.5267
2000 Q3,D: 35,127.7394,86.9235,68.0475
2000 Q4,D: 35,139.4667,95.7202,68.6331
2001 Q1,D: 35,177.9067,124.9568,70.2373
2001 Q2,D: 35,188.9628,128.264,67.8779
2001 Q3,D: 35,184.2968,121.1345,65.7279
2001 Q4,D: 35,163.6364,108.3257,66.199
2002 Q1,D: 35,153.6398,102.3754,66.6334
2002 Q2,D: 35,150.8568,103.1886,68.4017
2002 Q3,D: 35,165.2678,107.9191,65.2995
2002 Q4,D: 35,169.4416,114.1676,67.3787
2003 Q1,D: 35,190.1286,123.7234,65.0735
2003 Q2,D: 35,197.9538,126.5833,63.9459
2003 Q3,D: 35,201.2876,125.011,62.1057
2003 Q4,D: 35,185.359,113.9372,61.4684
2004 Q1,D: 35,174.3643,103.2835,59.2343
2004 Q2,D: 35,176.0099,105.5877,59.9896
2004 Q3,D: 35,169.2739,102.9447,60.8155
2004 Q4,D: 35,168.4318,102.0094,60.5642
2005 Q1,D: 35,141.8427,87.8317,61.9219
2005 Q2,D: 35,139.6437,85.2835,61.0722
2005 Q3,D: 35,127.1113,80.4175,63.2654
2005 Q4,D: 35,125.0886,78.2759,62.5764
2006 Q1,D: 35,130.3567,83.9009,64.3626
2006 Q2,D: 35,142.0254,93.1449,65.5833
2006 Q3,D: 35,145.0193,97.8483,67.4726
2006 Q4,D: 35,137.6393,96.276,69.948
2007 Q1,D: 35,130.0872,90.407,69.4972
2007 Q2,D: 35,122.8798,89.1058,72.5145
2007 Q3,D: 35,119.6554,86.8557,72.5883
2007 Q4,D: 35,111.5293,82.8708,74.304
2008 Q1,D: 35,110.5923,79.7804,72.1392
2008 Q2,D: 35,111.7745,81.7322,73.1224
2008 Q3,D: 35,103.0773,80.1057,77.7142
2008 Q4,D: 35,100.9808,81.2172,80.4283
2009 Q1,D: 35,91.7777,77.5575,84.5059
2009 Q2,D: 35,102.6653,79.916,77.8413
2009 Q3,D: 35,106.7591,85.0395,79.6555
2009 Q4,D: 35,106.5161,84.0771,78.9338
2010 Q1,D: 35,107.4107,88.2518,82.163
2010 Q2,D: 35,89.9318,78.1675,86.9186
2010 Q3,D: 35,82.8955,70.2518,84.7474
2010 Q4,D: 35,82.6396,71.3361,86.322
2011 Q1,D: 35,74.0273,71.9596,97.2068
2011 Q2,D: 35,81.1627,69.8858,86.1059
2011 Q3,D: 35,82.9264,71.3361,86.0234
2011 Q4,D: 35,77.0838,66.8496,86.7233
2012 Q1,D: 35,75.2456,65.0876,86.5002
2012 Q2,D: 35,87.0296,74.6976,85.8301
2012 Q3,D: 35,84.6104,75.8226,89.6137
2012 Q4,D: 35,90.8618,80.2955,88.371
2013 Q1,D: 35,89.3391,85.4054,95.5969
2013 Q2,D: 35,89.7584,85.419,95.1655
2013 Q3,D: 35,79.6213,78.0997,98.089
2013 Q4,D: 35,79.7868,76.8798,96.3565
2014 Q1,D: 35,71.3578,66.809,93.6253
2014 Q2,D: 35,78.4005,71.2277,90.8511
2014 Q3,D: 35,87.8932,80.675,91.7875
2014 Q4,D: 35,91.9299,86.8829,94.5099
2015 Q1,D: 35,97.9234,97.035,99.0927
2015 Q2,D: 35,96.5472,94.3784,97.7536
2015 Q3,D: 35,99.143,96.4522,97.2859
2015 Q4,D: 35,98.3826,95.9371,97.5143
2016 Q1,D: 35,103.4804,100.4507,97.0721
2016 Q2,D: 35,104.377,100.9386,96.7059
2016 Q3,D: 35,97.5766,94.3106,96.6529
2016 Q4,D: 35,97.6255,94.0937,96.3824
2017 Q1,D: 35,87.6011,88.794,101.3617
2017 Q2,D: 35,86.3898,89.8241,103.9754
2017 Q3,D: 35,97.6872,91.8437,94.0182
2017 Q4,D: 35,89.1656,91.7759,102.9275
2018 Q1,D: 35,90.6735,91.2473,100.6328
2018 Q2,D: 35,82.1363,85.663,104.2937
2018 Q3,D: 35,80.8785,86.91,107.4574
2018 Q4,D: 35,81.5432,86.8693,106.5316
2019 Q1,D: 35,85.4038,88.9702,104.176
2019 Q2,D: 35,96.2906,99.0953,102.9127
2019 Q3,D: 35,103.5472,101.3859,97.9128
2019 Q4,D: 35,116.3688,110.5486,94.9985
2020 Q1,D: 35,117.3923,107.3634,91.4569
2020 Q2,D: 35,113.2667,103.5275,91.4015
2020 Q3,D: 35,123.1536,113.7068,92.3292
2020 Q4,D: 35,112.6187,111.6872,99.1728
2021 Q1,D: 35,121.5147,117.6104,96.7869
2021 Q2,D: 35,123.0772,122.883,99.8422
2021 Q3,D: 35,115.1259,111.1721,96.5657
2021 Q4,D: 35,124.1036,107.1872,86.3691
2022 Q1,D: 35,124.4786,111.6194,89.6696
2022 Q2,D: 35,135.4856,111.9447,82.6248
2022 Q3,D: 35,126.4956,110.3046,87.2004
2022 Q4,D: 35,129.1777,108.1088,83.69
2023 Q1,D: 35,127.725,108.1495,84.6737
1997 Q1,E: 36 to 39,159.2267,120.5271,75.6953
1997 Q2,E: 36 to 39,166.6339,119.6431,71.8
1997 Q3,E: 36 to 39,170.7376,120.789,70.7454
1997 Q4,E: 36 to 39,166.2139,116.4184,70.0413
1998 Q1,E: 36 to 39,177.1626,122.2131,68.9836
1998 Q2,E: 36 to 39,174.9819,120.347,68.7769
1998 Q3,E: 36 to 39,169.6971,116.3693,68.5747
1998 Q4,E: 36 to 39,168.5548,115.5017,68.5247
1999 Q1,E: 36 to 39,161.6155,108.1028,66.8889
1999 Q2,E: 36 to 39,165.7999,109.576,66.0893
1999 Q3,E: 36 to 39,169.6428,110.8528,65.3449
1999 Q4,E: 36 to 39,172.4254,113.9139,66.0656
2000 Q1,E: 36 to 39,168.9982,113.3901,67.0954
2000 Q2,E: 36 to 39,166.1754,115.5672,69.5453
2000 Q3,E: 36 to 39,164.7326,118.5791,71.9828
2000 Q4,E: 36 to 39,167.8622,118.8083,70.7773
2001 Q1,E: 36 to 39,164.6911,117.908,71.5934
2001 Q2,E: 36 to 39,169.4168,118.3336,69.8476
2001 Q3,E: 36 to 39,163.1125,114.1431,69.9781
2001 Q4,E: 36 to 39,158.6437,113.1118,71.2993
2002 Q1,E: 36 to 39,160.8298,112.4243,69.9027
2002 Q2,E: 36 to 39,165.7124,111.3112,67.1713
2002 Q3,E: 36 to 39,159.007,111.393,70.0554
2002 Q4,E: 36 to 39,166.8375,112.4898,67.4248
2003 Q1,E: 36 to 39,172.8365,117.3023,67.869
2003 Q2,E: 36 to 39,169.8357,117.0404,68.9139
2003 Q3,E: 36 to 39,173.0222,117.2041,67.7393
2003 Q4,E: 36 to 39,170.1441,112.5061,66.124
2004 Q1,E: 36 to 39,162.28,107.1043,65.9997
2004 Q2,E: 36 to 39,164.198,110.4272,67.2525
2004 Q3,E: 36 to 39,161.3708,107.5299,66.6353
2004 Q4,E: 36 to 39,160.5764,107.6281,67.0261
2005 Q1,E: 36 to 39,166.0581,110.3945,66.4794
2005 Q2,E: 36 to 39,161.5983,112.5389,69.6411
2005 Q3,E: 36 to 39,158.797,112.7517,71.0037
2005 Q4,E: 36 to 39,157.2602,110.4272,70.2195
2006 Q1,E: 36 to 39,144.9391,103.0283,71.0839
2006 Q2,E: 36 to 39,147.8907,104.3542,70.5617
2006 Q3,E: 36 to 39,146.0574,103.0447,70.5508
2006 Q4,E: 36 to 39,140.3709,102.4063,72.9541
2007 Q1,E: 36 to 39,144.2393,104.5343,72.4728
2007 Q2,E: 36 to 39,140.7882,103.192,73.2959
2007 Q3,E: 36 to 39,133.3506,100.6384,75.469
2007 Q4,E: 36 to 39,135.5361,100.0982,73.8535
2008 Q1,E: 36 to 39,131.7534,99.6399,75.6261
2008 Q2,E: 36 to 39,136.9606,101.1295,73.8384
2008 Q3,E: 36 to 39,136.8964,105.5656,77.1135
2008 Q4,E: 36 to 39,126.9525,100.8839,79.4659
2009 Q1,E: 36 to 39,130.0169,100.131,77.0138
2009 Q2,E: 36 to 39,141.4079,104.698,74.0397
2009 Q3,E: 36 to 39,146.9273,105.8111,72.0159
2009 Q4,E: 36 to 39,141.2121,105.4673,74.6872
2010 Q1,E: 36 to 39,134.5312,102.0298,75.841
2010 Q2,E: 36 to 39,126.1292,101.1786,80.2182
2010 Q3,E: 36 to 39,120.8767,99.2961,82.1466
2010 Q4,E: 36 to 39,119.8515,96.7916,80.7597
2011 Q1,E: 36 to 39,110.912,96.3333,86.8556
2011 Q2,E: 36 to 39,105.3372,93.3213,88.593
2011 Q3,E: 36 to 39,102.182,91.3406,89.3902
2011 Q4,E: 36 to 39,104.0509,92.11,88.524
2012 Q1,E: 36 to 39,99.2518,89.6219,90.2974
2012 Q2,E: 36 to 39,98.1581,89.4254,91.1034
2012 Q3,E: 36 to 39,99.2366,89.5891,90.2783
2012 Q4,E: 36 to 39,98.3566,88.3451,89.8212
2013 Q1,E: 36 to 39,98.9156,86.0206,86.9636
2013 Q2,E: 36 to 39,100.0162,86.5936,86.5795
2013 Q3,E: 36 to 39,101.2504,90.6204,89.5013
2013 Q4,E: 36 to 39,101.0313,91.0951,90.1652
2014 Q1,E: 36 to 39,101.4004,92.8466,91.5644
2014 Q2,E: 36 to 39,102.6952,90.5877,88.2102
2014 Q3,E: 36 to 39,98.8456,90.7514,91.8112
2014 Q4,E: 36 to 39,100.9208,92.7157,91.8697
2015 Q1,E: 36 to 39,111.3314,94.0743,84.4994
2015 Q2,E: 36 to 39,105.5026,96.7261,91.6813
2015 Q3,E: 36 to 39,109.8296,96.7752,88.114
2015 Q4,E: 36 to 39,109.577,96.3824,87.9586
2016 Q1,E: 36 to 39,110.975,99.0015,89.2106
2016 Q2,E: 36 to 39,108.6971,99.0015,91.0801
2016 Q3,E: 36 to 39,104.9993,98.0029,93.3367
2016 Q4,E: 36 to 39,99.3277,98.4449,99.1113
2017 Q1,E: 36 to 39,101.8973,100.4256,98.5557
2017 Q2,E: 36 to 39,97.5844,96.6116,99.0031
2017 Q3,E: 36 to 39,94.9911,98.7232,103.9289
2017 Q4,E: 36 to 39,95.2533,100.9985,106.0316
2018 Q1,E: 36 to 39,95.4039,99.9345,104.7489
2018 Q2,E: 36 to 39,94.0757,100.6384,106.976
2018 Q3,E: 36 to 39,94.232,101.1786,107.3718
2018 Q4,E: 36 to 39,97.2989,99.4926,102.2546
2019 Q1,E: 36 to 39,97.3996,99.1488,101.7959
2019 Q2,E: 36 to 39,98.2283,100.3601,102.1703
2019 Q3,E: 36 to 39,102.4023,100.311,97.9578
2019 Q4,E: 36 to 39,102.1454,100.1801,98.0759
2020 Q1,E: 36 to 39,104.2678,104.2724,100.0044
2020 Q2,E: 36 to 39,114.484,100.0655,87.4056
2020 Q3,E: 36 to 39,107.7871,106.1385,98.4705
2020 Q4,E: 36 to 39,106.5819,108.5448,101.8417
2021 Q1,E: 36 to 39,112.9909,111.4258,98.6148
2021 Q2,E: 36 to 39,103.9562,111.966,107.7049
2021 Q3,E: 36 to 39,103.4711,112.9808,109.1907
2021 Q4,E: 36 to 39,106.495,115.2234,108.1961
2022 Q1,E: 36 to 39,105.5527,116.0255,109.9219
2022 Q2,E: 36 to 39,112.6445,116.2547,103.2049
2022 Q3,E: 36 to 39,115.0085,113.7666,98.9201
2022 Q4,E: 36 to 39,116.8576,114.6178,98.0833
2023 Q1,E: 36 to 39,116.6931,115.0106,98.5582
1997 Q1,F: 41 to 43,105.0711,86.2804,82.1162
1997 Q2,F: 41 to 43,108.3116,88.0212,81.2666
1997 Q3,F: 41 to 43,106.8782,87.3319,81.7116
1997 Q4,F: 41 to 43,107.6867,90.0826,83.6525
1998 Q1,F: 41 to 43,108.2577,92.7146,85.6425
1998 Q2,F: 41 to 43,108.1245,91.2142,84.3604
1998 Q3,F: 41 to 43,110.0926,92.2497,83.7929
1998 Q4,F: 41 to 43,112.2168,94.542,84.2494
1999 Q1,F: 41 to 43,113.9148,96.209,84.457
1999 Q2,F: 41 to 43,114.9362,97.1676,84.5404
1999 Q3,F: 41 to 43,117.4524,99.2899,84.5363
1999 Q4,F: 41 to 43,117.2286,99.2322,84.6484
2000 Q1,F: 41 to 43,120.5552,100.428,83.3046
2000 Q2,F: 41 to 43,114.1757,98.7834,86.5187
2000 Q3,F: 41 to 43,111.1083,96.1032,86.4951
2000 Q4,F: 41 to 43,113.7677,97.5427,85.7385
2001 Q1,F: 41 to 43,113.8916,96.8406,85.0288
2001 Q2,F: 41 to 43,113.7016,98.5173,86.6455
2001 Q3,F: 41 to 43,111.5861,97.3631,87.2539
2001 Q4,F: 41 to 43,111.4172,98.0973,88.045
2002 Q1,F: 41 to 43,111.3896,97.6805,87.6927
2002 Q2,F: 41 to 43,111.7481,96.9079,86.72
2002 Q3,F: 41 to 43,112.798,98.8507,87.6351
2002 Q4,F: 41 to 43,112.5912,99.0046,87.9328
2003 Q1,F: 41 to 43,108.921,95.4236,87.6081
2003 Q2,F: 41 to 43,109.1901,96.4591,88.3405
2003 Q3,F: 41 to 43,109.3397,97.2606,88.9526
2003 Q4,F: 41 to 43,110.1244,97.9819,88.9738
2004 Q1,F: 41 to 43,109.4225,99.2418,90.6959
2004 Q2,F: 41 to 43,106.2234,96.2443,90.6055
2004 Q3,F: 41 to 43,106.4142,95.1992,89.461
2004 Q4,F: 41 to 43,103.5737,94.5965,91.3325
2005 Q1,F: 41 to 43,104.9687,96.2571,91.7008
2005 Q2,F: 41 to 43,104.8273,96.4142,91.9743
2005 Q3,F: 41 to 43,102.0164,95.0453,93.1667
2005 Q4,F: 41 to 43,101.7257,95.0453,93.4329
2006 Q1,F: 41 to 43,102.6278,95.959,93.502
2006 Q2,F: 41 to 43,103.396,96.3148,93.1514
2006 Q3,F: 41 to 43,102.4322,96.0455,93.765
2006 Q4,F: 41 to 43,102.5593,96.9624,94.5428
2007 Q1,F: 41 to 43,101.4613,97.0426,95.6449
2007 Q2,F: 41 to 43,97.769,95.4364,97.6142
2007 Q3,F: 41 to 43,96.4785,92.8685,96.2582
2007 Q4,F: 41 to 43,96.2368,92.7851,96.4133
2008 Q1,F: 41 to 43,95.3803,92.596,97.0808
2008 Q2,F: 41 to 43,95.0349,90.5474,95.2781
2008 Q3,F: 41 to 43,90.7309,87.1235,96.0241
2008 Q4,F: 41 to 43,85.3338,81.2535,95.2184
2009 Q1,F: 41 to 43,79.756,74.9379,93.959
2009 Q2,F: 41 to 43,80.1575,74.0979,92.4405
2009 Q3,F: 41 to 43,84.4064,76.1978,90.2749
2009 Q4,F: 41 to 43,86.2069,76.7428,89.0216
2010 Q1,F: 41 to 43,91.845,79.9327,87.0299
2010 Q2,F: 41 to 43,96.9353,85.5109,88.2144
2010 Q3,F: 41 to 43,100.138,88.0917,87.9703
2010 Q4,F: 41 to 43,98.7986,86.0046,87.0505
2011 Q1,F: 41 to 43,101.8334,86.9728,85.407
2011 Q2,F: 41 to 43,102.7286,87.6204,85.2931
2011 Q3,F: 41 to 43,99.4465,86.7067,87.1893
2011 Q4,F: 41 to 43,104.7909,88.3385,84.2998
2012 Q1,F: 41 to 43,100.6616,86.3445,85.777
2012 Q2,F: 41 to 43,100.6862,85.8956,85.3103
2012 Q3,F: 41 to 43,100.6549,85.3186,84.7635
2012 Q4,F: 41 to 43,102.0514,87.3351,85.5795
2013 Q1,F: 41 to 43,101.7381,88.1173,86.6119
2013 Q2,F: 41 to 43,103.1736,89.5119,86.7585
2013 Q3,F: 41 to 43,102.8573,91.5028,88.9609
2013 Q4,F: 41 to 43,102.5961,91.3841,89.0718
2014 Q1,F: 41 to 43,100.6565,91.8586,91.2595
2014 Q2,F: 41 to 43,101.1039,92.9582,91.9433
2014 Q3,F: 41 to 43,101.2894,93.5866,92.3953
2014 Q4,F: 41 to 43,101.1428,94.5163,93.4484
2015 Q1,F: 41 to 43,104.0952,97.0874,93.268
2015 Q2,F: 41 to 43,107.3293,98.3538,91.6374
2015 Q3,F: 41 to 43,103.5989,96.5777,93.2227
2015 Q4,F: 41 to 43,101.2439,97.0714,95.8787
2016 Q1,F: 41 to 43,102.0084,96.4655,94.5662
2016 Q2,F: 41 to 43,100.762,96.1994,95.4719
2016 Q3,F: 41 to 43,100.0152,95.4075,95.3931
2016 Q4,F: 41 to 43,99.5101,96.286,96.76
2017 Q1,F: 41 to 43,101.644,100.0657,98.4473
2017 Q2,F: 41 to 43,99.188,100.3831,101.2048
2017 Q3,F: 41 to 43,99.5559,99.9567,100.4026
2017 Q4,F: 41 to 43,102.7464,100.5017,97.8153
2018 Q1,F: 41 to 43,99.6885,98.3089,98.6161
2018 Q2,F: 41 to 43,98.9418,98.2897,99.3408
2018 Q3,F: 41 to 43,98.3816,98.9212,100.5485
2018 Q4,F: 41 to 43,97.1402,98.6519,101.5563
2019 Q1,F: 41 to 43,96.9765,100.2292,103.3542
2019 Q2,F: 41 to 43,99.2104,99.649,100.442
2019 Q3,F: 41 to 43,101.4617,100.4055,98.959
2019 Q4,F: 41 to 43,102.5415,99.7163,97.2448
2020 Q1,F: 41 to 43,103.2243,98.0332,94.9711
2020 Q2,F: 41 to 43,91.4234,63.3614,69.3054
2020 Q3,F: 41 to 43,117.6315,89.9191,76.4413
2020 Q4,F: 41 to 43,108.777,94.5291,86.9018
2021 Q1,F: 41 to 43,112.3358,95.5326,85.042
2021 Q2,F: 41 to 43,108.8455,99.1777,91.1179
2021 Q3,F: 41 to 43,105.1193,97.6068,92.8534
2021 Q4,F: 41 to 43,104.5756,98.9917,94.6605
2022 Q1,F: 41 to 43,107.5639,101.8803,94.7161
2022 Q2,F: 41 to 43,111.4693,103.7814,93.1031
2022 Q3,F: 41 to 43,113.6263,104.3552,91.8407
2022 Q4,F: 41 to 43,115.7173,105.6792,91.3254
2023 Q1,F: 41 to 43,113.4285,106.1249,93.561
1997 Q1,G: 45 to 47,90.0761,82.8903,92.0225
1997 Q2,G: 45 to 47,89.841,85.1715,94.8026
1997 Q3,G: 45 to 47,90.193,85.9339,95.2777
1997 Q4,G: 45 to 47,88.7811,84.2745,94.9238
1998 Q1,G: 45 to 47,83.4644,79.1961,94.8861
1998 Q2,G: 45 to 47,85.2277,81.4407,95.5567
1998 Q3,G: 45 to 47,87.3239,85.2062,97.5749
1998 Q4,G: 45 to 47,88.7799,86.1418,97.0285
1999 Q1,G: 45 to 47,83.0156,81.3772,98.0264
1999 Q2,G: 45 to 47,81.0122,79.4329,98.0504
1999 Q3,G: 45 to 47,82.6437,80.8998,97.8899
1999 Q4,G: 45 to 47,86.8249,84.8058,97.6745
2000 Q1,G: 45 to 47,94.2476,90.3154,95.8278
2000 Q2,G: 45 to 47,91.4963,89.2258,97.5184
2000 Q3,G: 45 to 47,89.1295,86.5846,97.1447
2000 Q4,G: 45 to 47,84.4254,83.1483,98.4873
2001 Q1,G: 45 to 47,84.4604,83.4409,98.7929
2001 Q2,G: 45 to 47,85.2578,84.3669,98.955
2001 Q3,G: 45 to 47,86.8113,86.4517,99.5858
2001 Q4,G: 45 to 47,89.4188,88.5231,98.9983
2002 Q1,G: 45 to 47,88.4716,87.0716,98.4175
2002 Q2,G: 45 to 47,87.3299,85.6182,98.04
2002 Q3,G: 45 to 47,86.4814,85.3082,98.6435
2002 Q4,G: 45 to 47,85.4697,84.5363,98.9079
2003 Q1,G: 45 to 47,84.769,83.566,98.5809
2003 Q2,G: 45 to 47,87.0366,85.7934,98.5715
2003 Q3,G: 45 to 47,87.5296,86.831,99.2019
2003 Q4,G: 45 to 47,87.1014,86.5441,99.3603
2004 Q1,G: 45 to 47,87.5244,86.883,99.2671
2004 Q2,G: 45 to 47,86.6341,86.8464,100.245
2004 Q3,G: 45 to 47,87.8937,87.2583,99.2771
2004 Q4,G: 45 to 47,88.1776,88.2209,100.0491
2005 Q1,G: 45 to 47,90.4944,89.5588,98.9661
2005 Q2,G: 45 to 47,91.9917,90.5579,98.4414
2005 Q3,G: 45 to 47,92.055,91.0296,98.8861
2005 Q4,G: 45 to 47,95.2701,93.6111,98.2587
2006 Q1,G: 45 to 47,98.6534,96.4333,97.7496
2006 Q2,G: 45 to 47,98.8125,95.9424,97.0954
2006 Q3,G: 45 to 47,98.3519,94.7604,96.3483
2006 Q4,G: 45 to 47,98.3661,94.9606,96.5379
2007 Q1,G: 45 to 47,97.732,94.5409,96.7349
2007 Q2,G: 45 to 47,97.447,94.7296,97.2114
2007 Q3,G: 45 to 47,98.6698,96.0387,97.3334
2007 Q4,G: 45 to 47,99.4015,96.801,97.3838
2008 Q1,G: 45 to 47,98.2519,97.9657,99.7087
2008 Q2,G: 45 to 47,98.8977,98.2025,99.297
2008 Q3,G: 45 to 47,94.4134,92.9431,98.4427
2008 Q4,G: 45 to 47,88.8595,86.8387,97.7258
2009 Q1,G: 45 to 47,87.3285,83.3774,95.4756
2009 Q2,G: 45 to 47,86.8625,81.7237,94.084
2009 Q3,G: 45 to 47,87.9515,82.6073,93.9237
2009 Q4,G: 45 to 47,91.6753,85.9166,93.7183
2010 Q1,G: 45 to 47,95.5983,88.577,92.6555
2010 Q2,G: 45 to 47,97.5162,90.9949,93.3127
2010 Q3,G: 45 to 47,97.4089,92.8815,95.3522
2010 Q4,G: 45 to 47,97.7513,92.9123,95.0497
2011 Q1,G: 45 to 47,98.191,92.9547,94.6672
2011 Q2,G: 45 to 47,97.9002,92.0075,93.981
2011 Q3,G: 45 to 47,98.6405,91.5879,92.8501
2011 Q4,G: 45 to 47,97.0304,91.7515,94.5595
2012 Q1,G: 45 to 47,97.6436,92.947,95.1901
2012 Q2,G: 45 to 47,97.0084,91.8747,94.7079
2012 Q3,G: 45 to 47,96.2896,92.5042,96.0687
2012 Q4,G: 45 to 47,93.696,91.0873,97.2158
2013 Q1,G: 45 to 47,93.2059,90.6638,97.2726
2013 Q2,G: 45 to 47,91.9662,90.0131,97.8764
2013 Q3,G: 45 to 47,93.1521,91.0431,97.7359
2013 Q4,G: 45 to 47,94.6449,92.304,97.5266
2014 Q1,G: 45 to 47,98.0041,96.1349,98.0928
2014 Q2,G: 45 to 47,98.4061,97.417,98.9949
2014 Q3,G: 45 to 47,97.8133,97.8694,100.0573
2014 Q4,G: 45 to 47,98.4546,97.7693,99.304
2015 Q1,G: 45 to 47,97.5602,97.1995,99.6303
2015 Q2,G: 45 to 47,98.9601,98.3391,99.3725
2015 Q3,G: 45 to 47,99.7196,98.2737,98.5501
2015 Q4,G: 45 to 47,97.671,97.8136,100.146
2016 Q1,G: 45 to 47,97.775,97.6808,99.9036
2016 Q2,G: 45 to 47,98.363,97.9811,99.6117
2016 Q3,G: 45 to 47,98.9711,98.5182,99.5423
2016 Q4,G: 45 to 47,101.1787,100.1256,98.9592
2017 Q1,G: 45 to 47,99.8429,99.7695,99.9265
2017 Q2,G: 45 to 47,100.6913,101.144,100.4495
2017 Q3,G: 45 to 47,102.322,102.0103,99.6954
2017 Q4,G: 45 to 47,100.0437,101.529,101.4846
2018 Q1,G: 45 to 47,97.5875,97.8117,100.2297
2018 Q2,G: 45 to 47,99.2165,99.9254,100.7145
2018 Q3,G: 45 to 47,101.0342,101.5386,100.4993
2018 Q4,G: 45 to 47,102.598,102.2143,99.626
2019 Q1,G: 45 to 47,100.0297,100.5434,100.5135
2019 Q2,G: 45 to 47,100.8712,101.3461,100.4708
2019 Q3,G: 45 to 47,99.8043,100.32,100.5167
2019 Q4,G: 45 to 47,99.2807,97.7905,98.4989
2020 Q1,G: 45 to 47,91.7035,89.7995,97.9237
2020 Q2,G: 45 to 47,89.8205,68.9739,76.7908
2020 Q3,G: 45 to 47,98.7043,85.2158,86.3345
2020 Q4,G: 45 to 47,91.7381,82.2204,89.6251
2021 Q1,G: 45 to 47,89.3541,78.6455,88.0155
2021 Q2,G: 45 to 47,94.0678,87.8917,93.4344
2021 Q3,G: 45 to 47,90.2819,86.5172,95.83
2021 Q4,G: 45 to 47,90.6887,85.3737,94.1393
2022 Q1,G: 45 to 47,87.8666,83.3235,94.8296
2022 Q2,G: 45 to 47,87.5927,82.3975,94.0689
2022 Q3,G: 45 to 47,87.6273,81.6833,93.2167
2022 Q4,G: 45 to 47,86.8672,82.1087,94.5221
2023 Q1,G: 45 to 47,85.6016,82.024,95.8206
1997 Q1,H: 49 to 53,92.6978,74.5689,80.4431
1997 Q2,H: 49 to 53,94.3147,76.5005,81.1119
1997 Q3,H: 49 to 53,97.7926,78.5064,80.2785
1997 Q4,H: 49 to 53,105.4303,83.3426,79.05
1998 Q1,H: 49 to 53,102.9663,82.9951,80.6041
1998 Q2,H: 49 to 53,102.3419,84.574,82.6387
1998 Q3,H: 49 to 53,101.9105,85.4529,83.8509
1998 Q4,H: 49 to 53,103.9296,87.012,83.7221
1999 Q1,H: 49 to 53,106.9162,88.9634,83.2085
1999 Q2,H: 49 to 53,107.0368,89.9217,84.01
1999 Q3,H: 49 to 53,105.2535,90.2295,85.7259
1999 Q4,H: 49 to 53,101.6287,88.3129,86.8977
2000 Q1,H: 49 to 53,105.8866,89.3457,84.3787
2000 Q2,H: 49 to 53,106.3051,89.6535,84.3361
2000 Q3,H: 49 to 53,111.3307,93.7549,84.2129
2000 Q4,H: 49 to 53,107.4935,92.9704,86.4893
2001 Q1,H: 49 to 53,103.3773,90.1054,87.1617
2001 Q2,H: 49 to 53,104.539,90.5622,86.6301
2001 Q3,H: 49 to 53,103.1667,90.5672,87.7872
2001 Q4,H: 49 to 53,100.9325,86.1629,85.3669
2002 Q1,H: 49 to 53,96.1906,83.5065,86.8136
2002 Q2,H: 49 to 53,97.2252,83.859,86.2524
2002 Q3,H: 49 to 53,96.6958,85.3536,88.2702
2002 Q4,H: 49 to 53,95.8059,85.5621,89.3078
2003 Q1,H: 49 to 53,97.0279,86.8184,89.4778
2003 Q2,H: 49 to 53,99.2907,87.8909,88.5187
2003 Q3,H: 49 to 53,101.354,88.0795,86.9029
2003 Q4,H: 49 to 53,103.8586,88.4768,85.1897
2004 Q1,H: 49 to 53,106.361,90.2941,84.8939
2004 Q2,H: 49 to 53,107.2567,91.585,85.3887
2004 Q3,H: 49 to 53,106.6621,91.4907,85.7762
2004 Q4,H: 49 to 53,108.61,94.2316,86.7614
2005 Q1,H: 49 to 53,107.6558,92.4093,85.8378
2005 Q2,H: 49 to 53,104.7036,90.3338,86.2757
2005 Q3,H: 49 to 53,104.4602,90.7161,86.8427
2005 Q4,H: 49 to 53,107.6595,93.7896,87.117
2006 Q1,H: 49 to 53,107.9459,93.7648,86.8628
2006 Q2,H: 49 to 53,110.0256,96.7341,87.9196
2006 Q3,H: 49 to 53,109.1096,95.8304,87.8294
2006 Q4,H: 49 to 53,110.224,95.453,86.5991
2007 Q1,H: 49 to 53,109.4193,94.1223,86.0198
2007 Q2,H: 49 to 53,112.4803,95.7261,85.1048
2007 Q3,H: 49 to 53,116.4963,97.742,83.9014
2007 Q4,H: 49 to 53,116.8605,99.1571,84.8509
2008 Q1,H: 49 to 53,116.6192,101.7292,87.232
2008 Q2,H: 49 to 53,117.9039,102.9208,87.2922
2008 Q3,H: 49 to 53,116.5674,98.8096,84.7661
2008 Q4,H: 49 to 53,109.9243,93.0399,84.6399
2009 Q1,H: 49 to 53,105.1546,88.1739,83.8517
2009 Q2,H: 49 to 53,98.5043,84.1818,85.46
2009 Q3,H: 49 to 53,99.3298,87.161,87.7491
2009 Q4,H: 49 to 53,104.0433,90.3884,86.8758
2010 Q1,H: 49 to 53,106.0032,89.7578,84.6747
2010 Q2,H: 49 to 53,111.0051,92.6079,83.4267
2010 Q3,H: 49 to 53,112.9333,94.8522,83.9896
2010 Q4,H: 49 to 53,114.1408,94.7827,83.0402
2011 Q1,H: 49 to 53,115.0998,95.7013,83.1463
2011 Q2,H: 49 to 53,117.6371,95.9893,81.5978
2011 Q3,H: 49 to 53,116.7011,95.1402,81.5247
2011 Q4,H: 49 to 53,115.1128,95.3041,82.7919
2012 Q1,H: 49 to 53,112.7385,94.6387,83.9454
2012 Q2,H: 49 to 53,112.7064,95.2842,84.5419
2012 Q3,H: 49 to 53,113.3274,96.2822,84.9594
2012 Q4,H: 49 to 53,113.932,97.4391,85.5239
2013 Q1,H: 49 to 53,115.2766,97.9704,84.9872
2013 Q2,H: 49 to 53,116.387,98.0449,84.2404
2013 Q3,H: 49 to 53,115.0384,97.6527,84.887
2013 Q4,H: 49 to 53,116.539,98.3627,84.4032
2014 Q1,H: 49 to 53,116.5235,99.3508,85.2625
2014 Q2,H: 49 to 53,115.8446,99.4451,85.8436
2014 Q3,H: 49 to 53,117.3785,99.7381,84.9713
2014 Q4,H: 49 to 53,115.5624,97.9853,84.79
2015 Q1,H: 49 to 53,107.8631,92.1561,85.438
2015 Q2,H: 49 to 53,105.4181,92.3745,87.6268
2015 Q3,H: 49 to 53,103.5479,92.7618,89.5835
2015 Q4,H: 49 to 53,99.6905,92.454,92.741
2016 Q1,H: 49 to 53,103.2198,93.4421,90.5273
2016 Q2,H: 49 to 53,100.961,94.306,93.4084
2016 Q3,H: 49 to 53,99.7023,94.2465,94.5279
2016 Q4,H: 49 to 53,99.1437,93.7599,94.5696
2017 Q1,H: 49 to 53,101.1389,94.7231,93.6565
2017 Q2,H: 49 to 53,101.5663,94.1422,92.6904
2017 Q3,H: 49 to 53,104.1321,95.0856,91.3124
2017 Q4,H: 49 to 53,105.5806,96.6397,91.5317
2018 Q1,H: 49 to 53,103.0362,96.3468,93.5077
2018 Q2,H: 49 to 53,104.6188,97.5533,93.2465
2018 Q3,H: 49 to 53,103.4023,98.3776,95.1406
2018 Q4,H: 49 to 53,103.5176,100.4233,97.0109
2019 Q1,H: 49 to 53,102.0205,101.4511,99.4419
2019 Q2,H: 49 to 53,101.1054,101.6497,100.5384
2019 Q3,H: 49 to 53,101.4108,100.3389,98.943
2019 Q4,H: 49 to 53,95.5317,96.5603,101.0767
2020 Q1,H: 49 to 53,87.6356,85.9693,98.0986
2020 Q2,H: 49 to 53,63.5393,49.4644,77.8484
2020 Q3,H: 49 to 53,85.3623,71.1975,83.4062
2020 Q4,H: 49 to 53,81.0668,74.4696,91.8621
2021 Q1,H: 49 to 53,82.2918,72.563,88.1776
2021 Q2,H: 49 to 53,82.0533,75.3386,91.8167
2021 Q3,H: 49 to 53,85.4682,79.6087,93.1443
2021 Q4,H: 49 to 53,88.4256,83.9087,94.8919
2022 Q1,H: 49 to 53,87.864,86.1331,98.0301
2022 Q2,H: 49 to 53,88.2,86.8928,98.518
2022 Q3,H: 49 to 53,87.361,89.4301,102.3684
2022 Q4,H: 49 to 53,85.742,86.8382,101.2785
2023 Q1,H: 49 to 53,82.6177,85.8749,103.9426
1997 Q1,I: 55 and 56,111.5155,79.3804,71.1833
1997 Q2,I: 55 and 56,113.7476,79.9419,70.2801
1997 Q3,I: 55 and 56,111.4556,79.0369,70.9134
1997 Q4,I: 55 and 56,113.6426,81.6527,71.8505
1998 Q1,I: 55 and 56,109.6732,77.3789,70.554
1998 Q2,I: 55 and 56,111.1672,78.3499,70.4793
1998 Q3,I: 55 and 56,115.1745,80.3845,69.7936
1998 Q4,I: 55 and 56,121.3652,82.9805,68.3726
1999 Q1,I: 55 and 56,118.5464,81.2234,68.5161
1999 Q2,I: 55 and 56,116.9738,81.732,69.872
1999 Q3,I: 55 and 56,115.852,81.1507,70.0469
1999 Q4,I: 55 and 56,115.5846,80.7279,69.8432
2000 Q1,I: 55 and 56,118.0714,81.6924,69.189
2000 Q2,I: 55 and 56,117.0507,81.2696,69.4311
2000 Q3,I: 55 and 56,117.3262,82.0887,69.9662
2000 Q4,I: 55 and 56,114.6817,81.5669,71.1245
2001 Q1,I: 55 and 56,113.6738,80.2523,70.5988
2001 Q2,I: 55 and 56,115.9514,80.7015,69.5994
2001 Q3,I: 55 and 56,114.0325,80.5364,70.6258
2001 Q4,I: 55 and 56,113.4648,80.1731,70.659
2002 Q1,I: 55 and 56,111.4844,79.1029,70.9543
2002 Q2,I: 55 and 56,112.6738,81.2432,72.1048
2002 Q3,I: 55 and 56,116.144,83.9713,72.2993
2002 Q4,I: 55 and 56,117.0158,85.92,73.426
2003 Q1,I: 55 and 56,113.5379,84.1959,74.1567
2003 Q2,I: 55 and 56,112.9612,84.2554,74.5879
2003 Q3,I: 55 and 56,112.408,85.4444,76.0127
2003 Q4,I: 55 and 56,113.2091,85.4114,75.4457
2004 Q1,I: 55 and 56,116.7037,89.2361,76.4638
2004 Q2,I: 55 and 56,114.6642,88.6283,77.2938
2004 Q3,I: 55 and 56,115.1363,88.417,76.7933
2004 Q4,I: 55 and 56,113.071,89.0907,78.7919
2005 Q1,I: 55 and 56,113.6441,90.3128,79.4699
2005 Q2,I: 55 and 56,119.0696,90.8809,76.3258
2005 Q3,I: 55 and 56,117.6819,90.1014,76.5635
2005 Q4,I: 55 and 56,118.6095,90.6365,76.4158
2006 Q1,I: 55 and 56,117.8423,89.7909,76.1958
2006 Q2,I: 55 and 56,115.0965,88.6548,77.0264
2006 Q3,I: 55 and 56,110.0483,87.3138,79.3414
2006 Q4,I: 55 and 56,104.434,84.4998,80.9122
2007 Q1,I: 55 and 56,105.6262,85.8473,81.2747
2007 Q2,I: 55 and 56,106.1715,87.0628,82.002
2007 Q3,I: 55 and 56,109.021,87.5318,80.2889
2007 Q4,I: 55 and 56,110.1945,88.2452,80.0813
2008 Q1,I: 55 and 56,109.9437,89.8768,81.748
2008 Q2,I: 55 and 56,106.8163,86.0984,80.6041
2008 Q3,I: 55 and 56,106.4244,84.7244,79.6099
2008 Q4,I: 55 and 56,103.6187,82.1416,79.2729
2009 Q1,I: 55 and 56,106.3936,80.6751,75.827
2009 Q2,I: 55 and 56,105.4335,80.7213,76.5614
2009 Q3,I: 55 and 56,100.5666,77.511,77.0743
2009 Q4,I: 55 and 56,104.5715,79.0501,75.5943
2010 Q1,I: 55 and 56,106.6035,80.5892,75.5972
2010 Q2,I: 55 and 56,106.1364,81.8245,77.0937
2010 Q3,I: 55 and 56,111.5276,83.7732,75.1143
2010 Q4,I: 55 and 56,108.1833,82.8418,76.5754
2011 Q1,I: 55 and 56,109.6971,85.0943,77.572
2011 Q2,I: 55 and 56,113.9151,87.0958,76.4568
2011 Q3,I: 55 and 56,114.3766,87.4129,76.4255
2011 Q4,I: 55 and 56,112.1124,85.8011,76.5313
2012 Q1,I: 55 and 56,109.7414,85.3189,77.7454
2012 Q2,I: 55 and 56,108.8176,85.2066,78.3022
2012 Q3,I: 55 and 56,110.3755,88.7538,80.4108
2012 Q4,I: 55 and 56,113.3407,90.8412,80.1488
2013 Q1,I: 55 and 56,117.6327,94.798,80.5882
2013 Q2,I: 55 and 56,116.6306,95.2274,81.6487
2013 Q3,I: 55 and 56,112.1996,94.296,84.043
2013 Q4,I: 55 and 56,107.182,90.9271,84.8343
2014 Q1,I: 55 and 56,104.3451,88.5689,84.8807
2014 Q2,I: 55 and 56,106.6889,91.1319,85.4183
2014 Q3,I: 55 and 56,106.8409,91.8189,85.9398
2014 Q4,I: 55 and 56,104.7178,91.6207,87.493
2015 Q1,I: 55 and 56,97.4377,87.5318,89.8336
2015 Q2,I: 55 and 56,97.4888,87.5912,89.8475
2015 Q3,I: 55 and 56,97.9459,88.5491,90.4061
2015 Q4,I: 55 and 56,100.0225,91.4225,91.4019
2016 Q1,I: 55 and 56,101.4105,91.8717,90.5939
2016 Q2,I: 55 and 56,99.1245,92.4728,93.2896
2016 Q3,I: 55 and 56,100.75,94.3555,93.6531
2016 Q4,I: 55 and 56,102.1809,96.7599,94.6947
2017 Q1,I: 55 and 56,104.132,99.6862,95.7307
2017 Q2,I: 55 and 56,103.7583,99.7523,96.1391
2017 Q3,I: 55 and 56,105.0827,98.8473,94.0662
2017 Q4,I: 55 and 56,101.1994,94.95,93.8246
2018 Q1,I: 55 and 56,99.8058,92.235,92.4145
2018 Q2,I: 55 and 56,102.7067,95.3793,92.8657
2018 Q3,I: 55 and 56,101.467,97.7574,96.344
2018 Q4,I: 55 and 56,103.9616,101.1065,97.2536
2019 Q1,I: 55 and 56,101.0751,102.1832,101.0963
2019 Q2,I: 55 and 56,99.8115,99.8448,100.0333
2019 Q3,I: 55 and 56,99.8563,99.4748,99.618
2019 Q4,I: 55 and 56,99.2392,98.4972,99.2523
2020 Q1,I: 55 and 56,98.3096,91.0262,92.5914
2020 Q2,I: 55 and 56,34.0228,15.3252,45.0438
2020 Q3,I: 55 and 56,129.1292,78.6009,60.87
2020 Q4,I: 55 and 56,87.3446,54.7743,62.7105
2021 Q1,I: 55 and 56,85.6447,40.3475,47.1103
2021 Q2,I: 55 and 56,108.5237,77.0222,70.9727
2021 Q3,I: 55 and 56,108.5116,99.9372,92.0982
2021 Q4,I: 55 and 56,104.0475,96.4693,92.7166
2022 Q1,I: 55 and 56,107.2925,102.7116,95.7305
2022 Q2,I: 55 and 56,115.9508,108.3595,93.453
2022 Q3,I: 55 and 56,113.8372,106.8071,93.8244
2022 Q4,I: 55 and 56,115.2159,106.6882,92.5985
2023 Q1,I: 55 and 56,113.7437,106.5627,93.6867
1997 Q1,J: 58 to 63,13.9812,8.8762,63.4868
1997 Q2,J: 58 to 63,14.4255,9.4051,65.1978
1997 Q3,J: 58 to 63,14.3521,9.4465,65.8195
1997 Q4,J: 58 to 63,15.3001,10.243,66.9475
1998 Q1,J: 58 to 63,15.8291,10.6381,67.2058
1998 Q2,J: 58 to 63,17.1277,11.5174,67.2445
1998 Q3,J: 58 to 63,18.3937,12.5051,67.9858
1998 Q4,J: 58 to 63,19.6037,13.2347,67.511
1999 Q1,J: 58 to 63,19.7858,13.5405,68.4355
1999 Q2,J: 58 to 63,19.6956,13.5087,68.5873
1999 Q3,J: 58 to 63,21.3861,14.6047,68.2903
1999 Q4,J: 58 to 63,22.4291,15.4553,68.9075
2000 Q1,J: 58 to 63,24.6729,16.9368,68.6454
2000 Q2,J: 58 to 63,26.4306,18.3036,69.2516
2000 Q3,J: 58 to 63,27.3085,19.2371,70.4436
2000 Q4,J: 58 to 63,27.4472,20.0177,72.9315
2001 Q1,J: 58 to 63,27.9225,20.1292,72.0895
2001 Q2,J: 58 to 63,27.5161,20.3618,73.9996
2001 Q3,J: 58 to 63,28.4059,20.7696,73.1172
2001 Q4,J: 58 to 63,29.2062,21.5438,73.7644
2002 Q1,J: 58 to 63,30.9109,22.6971,73.4276
2002 Q2,J: 58 to 63,31.2275,22.7035,72.7036
2002 Q3,J: 58 to 63,31.2511,22.9297,73.3725
2002 Q4,J: 58 to 63,33.2718,24.2073,72.7562
2003 Q1,J: 58 to 63,36.4395,26.5936,72.9802
2003 Q2,J: 58 to 63,36.6759,27.0747,73.8216
2003 Q3,J: 58 to 63,36.2681,26.9632,74.3441
2003 Q4,J: 58 to 63,38.194,27.7119,72.5556
2004 Q1,J: 58 to 63,40.7978,29.0659,71.2438
2004 Q2,J: 58 to 63,41.4716,29.5407,71.231
2004 Q3,J: 58 to 63,42.8444,30.5315,71.2614
2004 Q4,J: 58 to 63,41.8792,30.4104,72.6147
2005 Q1,J: 58 to 63,42.7881,31.4523,73.507
2005 Q2,J: 58 to 63,43.0285,32.1309,74.6735
2005 Q3,J: 58 to 63,44.6118,33.4945,75.0798
2005 Q4,J: 58 to 63,46.4236,34.6192,74.5723
2006 Q1,J: 58 to 63,46.1687,34.5491,74.8322
2006 Q2,J: 58 to 63,45.4047,34.4376,75.8457
2006 Q3,J: 58 to 63,45.6324,34.7689,76.1935
2006 Q4,J: 58 to 63,46.1443,35.4826,76.8947
2007 Q1,J: 58 to 63,48.0387,36.7952,76.595
2007 Q2,J: 58 to 63,50.7838,39.0222,76.8399
2007 Q3,J: 58 to 63,51.9461,40.2488,77.482
2007 Q4,J: 58 to 63,52.3732,40.6407,77.5982
2008 Q1,J: 58 to 63,51.5987,40.3508,78.2012
2008 Q2,J: 58 to 63,54.3172,41.6252,76.6335
2008 Q3,J: 58 to 63,54.2529,41.3225,76.1665
2008 Q4,J: 58 to 63,55.8809,41.6698,74.569
2009 Q1,J: 58 to 63,55.0305,42.6638,77.5275
2009 Q2,J: 58 to 63,55.118,42.8072,77.6646
2009 Q3,J: 58 to 63,57.0186,43.5463,76.3722
2009 Q4,J: 58 to 63,58.2542,44.1389,75.7695
2010 Q1,J: 58 to 63,59.3808,45.0215,75.8182
2010 Q2,J: 58 to 63,59.4269,45.2572,76.1562
2010 Q3,J: 58 to 63,58.5906,46.0728,78.6353
2010 Q4,J: 58 to 63,60.2781,47.8379,79.362
2011 Q1,J: 58 to 63,61.6237,49.4341,80.2192
2011 Q2,J: 58 to 63,62.0303,50.5715,81.5271
2011 Q3,J: 58 to 63,64.1772,52.6456,82.0317
2011 Q4,J: 58 to 63,62.29,52.4257,84.164
2012 Q1,J: 58 to 63,66.7674,54.9045,82.2324
2012 Q2,J: 58 to 63,66.5145,53.5536,80.5141
2012 Q3,J: 58 to 63,65.3741,53.6173,82.0162
2012 Q4,J: 58 to 63,66.791,54.7197,81.9267
2013 Q1,J: 58 to 63,66.1928,55.7233,84.1833
2013 Q2,J: 58 to 63,65.9943,55.4875,84.0793
2013 Q3,J: 58 to 63,67.1666,57.8356,86.1077
2013 Q4,J: 58 to 63,67.5904,59.1546,87.5192
2014 Q1,J: 58 to 63,68.1949,60.4704,88.673
2014 Q2,J: 58 to 63,70.6142,63.6086,90.0791
2014 Q3,J: 58 to 63,71.791,65.1475,90.746
2014 Q4,J: 58 to 63,72.0065,66.1319,91.8417
2015 Q1,J: 58 to 63,73.8101,67.5752,91.5528
2015 Q2,J: 58 to 63,75.4601,69.4454,92.0293
2015 Q3,J: 58 to 63,77.6792,70.1814,90.3477
2015 Q4,J: 58 to 63,79.0966,72.7939,92.0316
2016 Q1,J: 58 to 63,82.0078,75.0528,91.5191
2016 Q2,J: 58 to 63,82.4757,77.2161,93.6228
2016 Q3,J: 58 to 63,82.9611,79.4909,95.8171
2016 Q4,J: 58 to 63,83.7245,80.1281,95.7045
2017 Q1,J: 58 to 63,79.8623,78.6211,98.4458
2017 Q2,J: 58 to 63,78.2963,79.4112,101.424
2017 Q3,J: 58 to 63,82.6718,81.2559,98.2874
2017 Q4,J: 58 to 63,87.5117,84.203,96.2192
2018 Q1,J: 58 to 63,88.1703,86.5957,98.2141
2018 Q2,J: 58 to 63,92.6146,90.6132,97.839
2018 Q3,J: 58 to 63,94.7826,93.1588,98.2869
2018 Q4,J: 58 to 63,97.6948,95.9785,98.2432
2019 Q1,J: 58 to 63,99.3721,98.8459,99.4705
2019 Q2,J: 58 to 63,100.8131,100.0024,99.1958
2019 Q3,J: 58 to 63,100.3646,100.5185,100.1534
2019 Q4,J: 58 to 63,99.4593,100.6332,101.1803
2020 Q1,J: 58 to 63,101.2337,101.6846,100.4454
2020 Q2,J: 58 to 63,99.0785,94.5065,95.3855
2020 Q3,J: 58 to 63,99.8592,98.3552,98.4939
2020 Q4,J: 58 to 63,97.944,99.738,101.8316
2021 Q1,J: 58 to 63,101.5013,100.7447,99.2546
2021 Q2,J: 58 to 63,105.3194,104.4182,99.1443
2021 Q3,J: 58 to 63,106.8984,104.8611,98.0941
2021 Q4,J: 58 to 63,107.1692,107.5246,100.3316
2022 Q1,J: 58 to 63,110.3949,113.1319,102.4793
2022 Q2,J: 58 to 63,109.9768,113.8583,103.5294
2022 Q3,J: 58 to 63,107.5613,113.9029,105.8958
2022 Q4,J: 58 to 63,109.9231,115.2984,104.89
2023 Q1,J: 58 to 63,111.6696,116.8341,104.6248
1997 Q1,K: 64 to 66,74.6505,69.5613,93.1826
1997 Q2,K: 64 to 66,71.6388,67.9884,94.9044
1997 Q3,K: 64 to 66,72.2234,67.7242,93.7705
1997 Q4,K: 64 to 66,69.2907,64.9332,93.7112
1998 Q1,K: 64 to 66,78.3168,74.6444,95.3109
1998 Q2,K: 64 to 66,74.6813,70.8357,94.8507
1998 Q3,K: 64 to 66,71.6628,67.9835,94.8659
1998 Q4,K: 64 to 66,67.7282,64.077,94.6091
1999 Q1,K: 64 to 66,68.6213,65.7379,95.7982
1999 Q2,K: 64 to 66,69.5158,67.5995,97.2433
1999 Q3,K: 64 to 66,69.2684,68.8152,99.3458
1999 Q4,K: 64 to 66,74.5143,73.3895,98.4905
2000 Q1,K: 64 to 66,78.5745,75.5079,96.0972
2000 Q2,K: 64 to 66,75.0011,73.0544,97.4045
2000 Q3,K: 64 to 66,73.6678,71.3592,96.8662
2000 Q4,K: 64 to 66,70.4016,69.3191,98.4624
2001 Q1,K: 64 to 66,71.5982,70.4174,98.3509
2001 Q2,K: 64 to 66,70.9195,70.6694,99.6473
2001 Q3,K: 64 to 66,72.5819,72.597,100.0207
2001 Q4,K: 64 to 66,74.0261,74.3729,100.4685
2002 Q1,K: 64 to 66,76.0861,75.6082,99.3719
2002 Q2,K: 64 to 66,77.3254,76.0583,98.3613
2002 Q3,K: 64 to 66,77.0748,76.6625,99.465
2002 Q4,K: 64 to 66,78.9422,78.0715,98.897
2003 Q1,K: 64 to 66,78.8017,78.3895,99.4769
2003 Q2,K: 64 to 66,81.2338,79.8033,98.239
2003 Q3,K: 64 to 66,82.9282,81.1267,97.8277
2003 Q4,K: 64 to 66,79.9573,78.3234,97.9565
2004 Q1,K: 64 to 66,77.0891,75.7452,98.2566
2004 Q2,K: 64 to 66,82.3355,77.9173,94.634
2004 Q3,K: 64 to 66,87.7822,82.6922,94.2016
2004 Q4,K: 64 to 66,88.8347,85.7964,96.5798
2005 Q1,K: 64 to 66,92.872,90.2778,97.2066
2005 Q2,K: 64 to 66,95.1039,93.311,98.1148
2005 Q3,K: 64 to 66,95.6796,94.3066,98.565
2005 Q4,K: 64 to 66,93.0622,90.9015,97.6783
2006 Q1,K: 64 to 66,90.7199,87.883,96.8729
2006 Q2,K: 64 to 66,92.7818,88.8443,95.7562
2006 Q3,K: 64 to 66,91.3535,89.7616,98.2575
2006 Q4,K: 64 to 66,94.5919,93.4309,98.7726
2007 Q1,K: 64 to 66,107.3529,106.6401,99.336
2007 Q2,K: 64 to 66,108.4274,109.2355,100.7453
2007 Q3,K: 64 to 66,111.1967,112.6576,101.3138
2007 Q4,K: 64 to 66,113.6801,115.6909,101.7688
2008 Q1,K: 64 to 66,110.8484,114.5558,103.3446
2008 Q2,K: 64 to 66,111.1141,112.8802,101.5895
2008 Q3,K: 64 to 66,108.794,111.4541,102.4451
2008 Q4,K: 64 to 66,108.2095,111.5642,103.1002
2009 Q1,K: 64 to 66,108.2005,109.3113,101.0266
2009 Q2,K: 64 to 66,105.8538,106.3661,100.484
2009 Q3,K: 64 to 66,106.5608,104.1548,97.7422
2009 Q4,K: 64 to 66,106.2067,102.3887,96.4051
2010 Q1,K: 64 to 66,105.8877,101.3246,95.6907
2010 Q2,K: 64 to 66,105.0192,102.1171,97.2366
2010 Q3,K: 64 to 66,105.2835,102.4303,97.29
2010 Q4,K: 64 to 66,100.8181,100.4366,99.6217
2011 Q1,K: 64 to 66,96.2622,97.8046,101.6023
2011 Q2,K: 64 to 66,96.9883,97.3276,100.3498
2011 Q3,K: 64 to 66,99.2517,100.1578,100.9129
2011 Q4,K: 64 to 66,100.6082,101.2414,100.6294
2012 Q1,K: 64 to 66,99.5933,100.5736,100.9843
2012 Q2,K: 64 to 66,100.7011,102.7605,102.045
2012 Q3,K: 64 to 66,98.4556,101.4738,103.0655
2012 Q4,K: 64 to 66,95.4522,97.1661,101.7956
2013 Q1,K: 64 to 66,96.0114,96.5301,100.5403
2013 Q2,K: 64 to 66,95.8435,95.9064,100.0656
2013 Q3,K: 64 to 66,95.5013,95.515,100.0143
2013 Q4,K: 64 to 66,95.3421,94.6123,99.2346
2014 Q1,K: 64 to 66,91.8363,92.4989,100.7215
2014 Q2,K: 64 to 66,94.3202,94.9475,100.665
2014 Q3,K: 64 to 66,94.4007,95.2532,100.9031
2014 Q4,K: 64 to 66,97.4206,97.0414,99.6107
2015 Q1,K: 64 to 66,97.4461,95.7767,98.2869
2015 Q2,K: 64 to 66,91.6158,89.3629,97.5409
2015 Q3,K: 64 to 66,89.8014,87.0855,96.9756
2015 Q4,K: 64 to 66,91.7709,91.3149,99.5032
2016 Q1,K: 64 to 66,94.106,93.6192,99.4827
2016 Q2,K: 64 to 66,94.5306,94.7126,100.1926
2016 Q3,K: 64 to 66,97.5816,99.7664,102.2389
2016 Q4,K: 64 to 66,100.8061,100.3804,99.5777
2017 Q1,K: 64 to 66,104.4417,101.8383,97.5073
2017 Q2,K: 64 to 66,105.3509,103.7267,98.4584
2017 Q3,K: 64 to 66,106.2162,104.2575,98.1559
2017 Q4,K: 64 to 66,106.6702,104.2869,97.7657
2018 Q1,K: 64 to 66,107.6653,106.6156,99.0251
2018 Q2,K: 64 to 66,104.0955,103.8515,99.7655
2018 Q3,K: 64 to 66,100.8865,101.1974,100.3082
2018 Q4,K: 64 to 66,97.765,98.6436,100.8987
2019 Q1,K: 64 to 66,98.8104,98.8051,99.9946
2019 Q2,K: 64 to 66,98.5227,98.6656,100.1451
2019 Q3,K: 64 to 66,102.0411,101.2439,99.2187
2019 Q4,K: 64 to 66,100.6398,101.2855,100.6415
2020 Q1,K: 64 to 66,100.5766,100.8696,100.2913
2020 Q2,K: 64 to 66,98.4026,98.8002,100.404
2020 Q3,K: 64 to 66,99.9993,99.8593,99.8601
2020 Q4,K: 64 to 66,99.0628,101.4811,102.4413
2021 Q1,K: 64 to 66,101.3069,105.1479,103.7915
2021 Q2,K: 64 to 66,100.8839,105.3999,104.4764
2021 Q3,K: 64 to 66,102.3961,104.7663,102.3147
2021 Q4,K: 64 to 66,104.575,106.4762,101.818
2022 Q1,K: 64 to 66,103.4986,105.0623,101.5109
2022 Q2,K: 64 to 66,101.674,105.3436,103.6092
2022 Q3,K: 64 to 66,104.2354,105.2898,101.0115
2022 Q4,K: 64 to 66,100.0431,104.4606,104.4156
2023 Q1,K: 64 to 66,98.0698,104.9473,107.0129
1997 Q1,L: 68,145.4265,65.8748,45.2976
1997 Q2,L: 68,143.895,65.7493,45.6926
1997 Q3,L: 68,145.0696,65.1539,44.9121
1997 Q4,L: 68,145.7987,64.628,44.3269
1998 Q1,L: 68,144.8783,64.3756,44.4342
1998 Q2,L: 68,147.0493,65.1191,44.2839
1998 Q3,L: 68,142.8981,65.5272,45.8559
1998 Q4,L: 68,140.0321,66.0319,47.1548
1999 Q1,L: 68,140.1669,66.7755,47.64
1999 Q2,L: 68,136.7107,66.4762,48.6255
1999 Q3,L: 68,135.5063,67.3845,49.7279
1999 Q4,L: 68,135.2048,66.5322,49.2084
2000 Q1,L: 68,133.2393,65.5544,49.2005
2000 Q2,L: 68,136.2034,66.4294,48.7722
2000 Q3,L: 68,135.7535,67.2878,49.5662
2000 Q4,L: 68,132.3634,67.587,51.0617
2001 Q1,L: 68,131.7191,67.9029,51.5513
2001 Q2,L: 68,126.7816,67.4676,53.2156
2001 Q3,L: 68,127.7767,67.312,52.6794
2001 Q4,L: 68,126.7307,67.253,53.0677
2002 Q1,L: 68,127.552,67.9709,53.2888
2002 Q2,L: 68,129.1954,67.6807,52.3863
2002 Q3,L: 68,124.9763,67.4858,53.9989
2002 Q4,L: 68,127.1386,68.6631,54.0065
2003 Q1,L: 68,128.5404,70.732,55.0271
2003 Q2,L: 68,125.0454,70.9451,56.7354
2003 Q3,L: 68,125.569,70.3511,56.0259
2003 Q4,L: 68,123.9472,69.9763,56.4566
2004 Q1,L: 68,123.5493,70.5733,57.1216
2004 Q2,L: 68,122.5648,71.2519,58.1341
2004 Q3,L: 68,119.5668,70.9375,59.3288
2004 Q4,L: 68,110.6988,70.07,63.2979
2005 Q1,L: 68,112.8541,70.5144,62.4828
2005 Q2,L: 68,109.9463,70.7305,64.3319
2005 Q3,L: 68,107.3779,71.947,67.0036
2005 Q4,L: 68,105.5277,72.7208,68.9116
2006 Q1,L: 68,101.172,73.4145,72.564
2006 Q2,L: 68,98.5025,73.8558,74.9786
2006 Q3,L: 68,100.3237,73.9147,73.6762
2006 Q4,L: 68,97.4488,73.3948,75.3163
2007 Q1,L: 68,94.8784,72.8342,76.7658
2007 Q2,L: 68,95.5207,72.9853,76.4078
2007 Q3,L: 68,92.203,72.8009,78.9572
2007 Q4,L: 68,93.5285,73.422,78.5024
2008 Q1,L: 68,92.5084,73.5883,79.5476
2008 Q2,L: 68,93.8177,74.016,78.8934
2008 Q3,L: 68,93.0445,74.4104,79.9729
2008 Q4,L: 68,94.8189,74.8275,78.9162
2009 Q1,L: 68,101.7902,76.5141,75.1684
2009 Q2,L: 68,95.89,75.7328,78.9788
2009 Q3,L: 68,94.1267,75.757,80.484
2009 Q4,L: 68,94.1164,76.5912,81.3792
2010 Q1,L: 68,93.9332,77.7473,82.7687
2010 Q2,L: 68,92.3422,78.5347,85.0475
2010 Q3,L: 68,95.0252,79.3885,83.5447
2010 Q4,L: 68,95.5276,79.8208,83.5578
2011 Q1,L: 68,99.6799,79.4173,79.6723
2011 Q2,L: 68,101.9562,80.3406,78.7992
2011 Q3,L: 68,100.6571,81.3366,80.8056
2011 Q4,L: 68,98.7324,82.1708,83.2258
2012 Q1,L: 68,97.8104,83.9677,85.8474
2012 Q2,L: 68,101.0967,85.5107,84.583
2012 Q3,L: 68,102.0949,87.1172,85.3296
2012 Q4,L: 68,101.9007,87.7232,86.0869
2013 Q1,L: 68,103.9464,88.172,84.8246
2013 Q2,L: 68,103.909,88.7599,85.4208
2013 Q3,L: 68,98.0743,89.1846,90.9358
2013 Q4,L: 68,98.3302,89.0471,90.5592
2014 Q1,L: 68,98.1189,89.8027,91.5243
2014 Q2,L: 68,100.2756,91.0903,90.84
2014 Q3,L: 68,104.8532,92.2676,87.9969
2014 Q4,L: 68,98.8601,92.5502,93.6173
2015 Q1,L: 68,96.5681,92.5653,95.855
2015 Q2,L: 68,96.4359,94.2655,97.7494
2015 Q3,L: 68,100.0008,95.6468,95.646
2015 Q4,L: 68,103.9651,96.1531,92.4859
2016 Q1,L: 68,101.3303,96.5747,95.3068
2016 Q2,L: 68,99.4786,97.4225,97.9332
2016 Q3,L: 68,103.8103,96.8588,93.3036
2016 Q4,L: 68,97.6564,96.5656,98.8831
2017 Q1,L: 68,98.2058,97.1747,98.95
2017 Q2,L: 68,100.6759,97.1898,96.5373
2017 Q3,L: 68,102.03,96.7304,94.8059
2017 Q4,L: 68,99.5118,96.8059,97.2809
2018 Q1,L: 68,99.0977,97.5752,98.4636
2018 Q2,L: 68,102.4635,97.7021,95.3531
2018 Q3,L: 68,97.4608,98.6406,101.2106
2018 Q4,L: 68,101.1465,99.564,98.4355
2019 Q1,L: 68,105.6871,100.5297,95.1202
2019 Q2,L: 68,100.1623,99.8965,99.7346
2019 Q3,L: 68,96.1242,99.9615,103.992
2019 Q4,L: 68,98.4767,99.6124,101.1532
2020 Q1,L: 68,97.2444,100.6461,103.4981
2020 Q2,L: 68,110.675,99.833,90.2037
2020 Q3,L: 68,103.7765,99.7,96.0719
2020 Q4,L: 68,100.4336,99.9675,99.536
2021 Q1,L: 68,100.2147,100.6279,100.4124
2021 Q2,L: 68,90.6803,100.0809,110.3668
2021 Q3,L: 68,94.0502,99.5534,105.8513
2021 Q4,L: 68,95.3874,99.499,104.3104
2022 Q1,L: 68,99.7812,99.3736,99.5915
2022 Q2,L: 68,94.7729,99.6532,105.1495
2022 Q3,L: 68,98.2459,99.6471,101.4262
2022 Q4,L: 68,90.4452,99.57,110.0889
2023 Q1,L: 68,88.0938,99.4945,112.9415
1997 Q1,M: 69 to 75,96.5037,56.0474,58.078
1997 Q2,M: 69 to 75,96.4611,55.7943,57.8412
1997 Q3,M: 69 to 75,96.9084,57.158,58.9815
1997 Q4,M: 69 to 75,95.6715,56.7797,59.3486
1998 Q1,M: 69 to 75,93.0815,56.4884,60.687
1998 Q2,M: 69 to 75,98.6786,59.7222,60.522
1998 Q3,M: 69 to 75,98.7889,60.0407,60.7768
1998 Q4,M: 69 to 75,100.5332,61.2983,60.9732
1999 Q1,M: 69 to 75,97.9205,60.2748,61.5549
1999 Q2,M: 69 to 75,96.7334,60.8029,62.8562
1999 Q3,M: 69 to 75,97.0193,61.7583,63.6557
1999 Q4,M: 69 to 75,99.6012,64.0231,64.2794
2000 Q1,M: 69 to 75,96.3553,61.7992,64.1367
2000 Q2,M: 69 to 75,100.682,65.1691,64.7277
2000 Q3,M: 69 to 75,100.4048,65.934,65.6681
2000 Q4,M: 69 to 75,98.2219,65.2344,66.4153
2001 Q1,M: 69 to 75,98.1268,65.836,67.0927
2001 Q2,M: 69 to 75,97.4467,66.2906,68.0275
2001 Q3,M: 69 to 75,100.0515,66.8867,66.8523
2001 Q4,M: 69 to 75,99.2201,66.149,66.669
2002 Q1,M: 69 to 75,98.5111,65.1201,66.1043
2002 Q2,M: 69 to 75,103.2047,67.9946,65.8832
2002 Q3,M: 69 to 75,103.6911,68.8139,66.3644
2002 Q4,M: 69 to 75,103.304,69.1161,66.9055
2003 Q1,M: 69 to 75,106.2857,71.4135,67.1902
2003 Q2,M: 69 to 75,102.3317,70.1722,68.5733
2003 Q3,M: 69 to 75,103.6442,71.7402,69.2177
2003 Q4,M: 69 to 75,110.1228,75.8777,68.9028
2004 Q1,M: 69 to 75,109.7473,75.8614,69.1237
2004 Q2,M: 69 to 75,111.5428,76.6154,68.687
2004 Q3,M: 69 to 75,111.794,77.5382,69.3581
2004 Q4,M: 69 to 75,108.1321,76.5637,70.8057
2005 Q1,M: 69 to 75,106.8964,76.8413,71.8839
2005 Q2,M: 69 to 75,105.1863,76.6399,72.8611
2005 Q3,M: 69 to 75,104.626,77.7723,74.3336
2005 Q4,M: 69 to 75,109.5629,81.8064,74.6661
2006 Q1,M: 69 to 75,111.0314,83.7499,75.429
2006 Q2,M: 69 to 75,111.2795,84.0983,75.574
2006 Q3,M: 69 to 75,111.3334,83.7173,75.1951
2006 Q4,M: 69 to 75,109.4034,83.916,76.7033
2007 Q1,M: 69 to 75,110.1585,85.2634,77.4006
2007 Q2,M: 69 to 75,109.1563,85.1899,78.044
2007 Q3,M: 69 to 75,108.6798,86.3794,79.4807
2007 Q4,M: 69 to 75,108.1347,85.8568,79.398
2008 Q1,M: 69 to 75,109.4015,87.3158,79.8123
2008 Q2,M: 69 to 75,108.823,85.6363,78.6932
2008 Q3,M: 69 to 75,106.6492,83.2327,78.0435
2008 Q4,M: 69 to 75,110.847,82.3399,74.2825
2009 Q1,M: 69 to 75,109.8343,80.3174,73.126
2009 Q2,M: 69 to 75,110.7371,81.0632,73.2033
2009 Q3,M: 69 to 75,110.6744,81.1286,73.3038
2009 Q4,M: 69 to 75,108.1033,80.0261,74.0274
2010 Q1,M: 69 to 75,109.4712,81.5342,74.48
2010 Q2,M: 69 to 75,111.0935,83.0313,74.74
2010 Q3,M: 69 to 75,113.1006,84.2372,74.4799
2010 Q4,M: 69 to 75,112.5254,83.6465,74.3356
2011 Q1,M: 69 to 75,109.3266,82.4461,75.4126
2011 Q2,M: 69 to 75,112.3439,82.5413,73.472
2011 Q3,M: 69 to 75,108.984,82.3236,75.5373
2011 Q4,M: 69 to 75,108.2677,82.3889,76.0974
2012 Q1,M: 69 to 75,110.5794,84.9803,76.85
2012 Q2,M: 69 to 75,104.6138,82.0704,78.4508
2012 Q3,M: 69 to 75,104.5608,83.7281,80.076
2012 Q4,M: 69 to 75,105.3597,84.7489,80.4377
2013 Q1,M: 69 to 75,106.8817,86.6244,81.047
2013 Q2,M: 69 to 75,105.7541,87.422,82.6654
2013 Q3,M: 69 to 75,106.8277,89.6868,83.9546
2013 Q4,M: 69 to 75,105.7076,89.2077,84.391
2014 Q1,M: 69 to 75,104.4243,90.4136,86.5829
2014 Q2,M: 69 to 75,101.9841,90.7565,88.9908
2014 Q3,M: 69 to 75,103.1948,92.172,89.3185
2014 Q4,M: 69 to 75,104.3493,93.5222,89.6241
2015 Q1,M: 69 to 75,102.9069,94.151,91.4914
2015 Q2,M: 69 to 75,106.215,96.8676,91.1995
2015 Q3,M: 69 to 75,106.3404,97.5318,91.7166
2015 Q4,M: 69 to 75,103.3271,98.1143,94.9551
2016 Q1,M: 69 to 75,104.5358,97.8611,93.6149
2016 Q2,M: 69 to 75,104.2425,98.5362,94.526
2016 Q3,M: 69 to 75,102.5779,98.1524,95.6857
2016 Q4,M: 69 to 75,101.4127,99.067,97.687
2017 Q1,M: 69 to 75,104.0806,99.116,95.2301
2017 Q2,M: 69 to 75,105.5614,99.4889,94.2474
2017 Q3,M: 69 to 75,111.6999,101.0786,90.4912
2017 Q4,M: 69 to 75,110.0498,101.7346,92.4442
2018 Q1,M: 69 to 75,107.7734,101.8789,94.5306
2018 Q2,M: 69 to 75,107.0181,100.9344,94.3152
2018 Q3,M: 69 to 75,103.8776,100.6621,96.9046
2018 Q4,M: 69 to 75,101.5828,99.9843,98.4264
2019 Q1,M: 69 to 75,98.4246,98.3375,99.9115
2019 Q2,M: 69 to 75,98.8925,99.1759,100.2866
2019 Q3,M: 69 to 75,101.534,101.2392,99.7097
2019 Q4,M: 69 to 75,101.1541,101.2474,100.0922
2020 Q1,M: 69 to 75,100.8433,99.3746,98.5436
2020 Q2,M: 69 to 75,97.5173,85.3941,87.5681
2020 Q3,M: 69 to 75,98.8056,90.5605,91.6553
2020 Q4,M: 69 to 75,97.5572,94.7525,97.1251
2021 Q1,M: 69 to 75,100.1436,97.6379,97.4979
2021 Q2,M: 69 to 75,102.757,100.8146,98.1097
2021 Q3,M: 69 to 75,103.938,103.2781,99.3651
2021 Q4,M: 69 to 75,103.4553,104.8514,101.3494
2022 Q1,M: 69 to 75,103.8575,106.2614,102.3146
2022 Q2,M: 69 to 75,105.275,108.0689,102.6539
2022 Q3,M: 69 to 75,104.6964,108.2567,103.4006
2022 Q4,M: 69 to 75,105.4509,108.5643,102.9525
2023 Q1,M: 69 to 75,103.2493,108.5071,105.0924
1997 Q1,N: 77 to 82,93.4602,52.6597,56.3445
1997 Q2,N: 77 to 82,96.341,54.024,56.0758
1997 Q3,N: 77 to 82,100.065,56.7446,56.7078
1997 Q4,N: 77 to 82,98.4354,56.5756,57.4748
1998 Q1,N: 77 to 82,92.5837,53.3792,57.6551
1998 Q2,N: 77 to 82,94.4103,55.7382,59.0382
1998 Q3,N: 77 to 82,91.7686,55.0659,60.0051
1998 Q4,N: 77 to 82,95.5804,56.5677,59.1834
1999 Q1,N: 77 to 82,89.9737,55.1838,61.3333
1999 Q2,N: 77 to 82,90.4342,55.2192,61.0601
1999 Q3,N: 77 to 82,89.0551,54.7828,61.5156
1999 Q4,N: 77 to 82,88.8067,55.9229,62.9716
2000 Q1,N: 77 to 82,85.3611,54.3975,63.7263
2000 Q2,N: 77 to 82,86.0696,55.1759,64.1062
2000 Q3,N: 77 to 82,88.0465,57.2636,65.0379
2000 Q4,N: 77 to 82,87.6437,58.6593,66.9293
2001 Q1,N: 77 to 82,88.1664,59.0879,67.0186
2001 Q2,N: 77 to 82,88.7541,60.5111,68.1784
2001 Q3,N: 77 to 82,88.1721,59.7523,67.7678
2001 Q4,N: 77 to 82,84.5262,56.8272,67.2303
2002 Q1,N: 77 to 82,84.2946,56.0959,66.5474
2002 Q2,N: 77 to 82,87.4901,58.8087,67.2176
2002 Q3,N: 77 to 82,86.9015,58.8245,67.691
2002 Q4,N: 77 to 82,88.9164,59.6068,67.0369
2003 Q1,N: 77 to 82,86.569,58.5532,67.6376
2003 Q2,N: 77 to 82,84.8864,57.586,67.8389
2003 Q3,N: 77 to 82,87.8529,59.3002,67.4994
2003 Q4,N: 77 to 82,90.1571,60.4207,67.0171
2004 Q1,N: 77 to 82,87.751,61.0969,69.6253
2004 Q2,N: 77 to 82,87.7708,61.2424,69.7753
2004 Q3,N: 77 to 82,84.5723,60.2949,71.2939
2004 Q4,N: 77 to 82,83.6339,60.2752,72.0703
2005 Q1,N: 77 to 82,83.4036,60.1809,72.1562
2005 Q2,N: 77 to 82,84.3392,60.7706,72.055
2005 Q3,N: 77 to 82,84.7166,63.1767,74.5742
2005 Q4,N: 77 to 82,87.8174,66.436,75.6524
2006 Q1,N: 77 to 82,85.9393,65.2054,75.8738
2006 Q2,N: 77 to 82,84.755,64.1124,75.6444
2006 Q3,N: 77 to 82,85.8304,64.3208,74.9395
2006 Q4,N: 77 to 82,86.9246,65.5003,75.353
2007 Q1,N: 77 to 82,86.7862,66.9904,77.1901
2007 Q2,N: 77 to 82,86.2389,67.6116,78.4003
2007 Q3,N: 77 to 82,87.5069,69.3847,79.2905
2007 Q4,N: 77 to 82,86.1021,69.1999,80.3696
2008 Q1,N: 77 to 82,88.6289,71.9835,81.219
2008 Q2,N: 77 to 82,86.5734,70.69,81.6532
2008 Q3,N: 77 to 82,83.9755,69.711,83.0135
2008 Q4,N: 77 to 82,83.1381,68.1148,81.9297
2009 Q1,N: 77 to 82,83.279,65.288,78.3967
2009 Q2,N: 77 to 82,88.3137,67.4386,76.3625
2009 Q3,N: 77 to 82,88.0765,66.4478,75.4433
2009 Q4,N: 77 to 82,86.4757,66.0429,76.3716
2010 Q1,N: 77 to 82,88.6177,69.0427,77.9107
2010 Q2,N: 77 to 82,86.7609,68.0912,78.4814
2010 Q3,N: 77 to 82,87.314,68.1187,78.0159
2010 Q4,N: 77 to 82,85.9579,67.8278,78.9082
2011 Q1,N: 77 to 82,90.0649,71.1028,78.9462
2011 Q2,N: 77 to 82,89.1854,71.7358,80.4345
2011 Q3,N: 77 to 82,86.3501,71.7515,83.0938
2011 Q4,N: 77 to 82,85.9897,71.1225,82.7105
2012 Q1,N: 77 to 82,86.2686,73.5404,85.2459
2012 Q2,N: 77 to 82,83.762,72.6047,86.6797
2012 Q3,N: 77 to 82,86.4478,75.5573,87.4022
2012 Q4,N: 77 to 82,91.2113,78.4627,86.0231
2013 Q1,N: 77 to 82,89.502,78.6947,87.9251
2013 Q2,N: 77 to 82,95.0356,81.9422,86.2226
2013 Q3,N: 77 to 82,97.4165,83.9512,86.1776
2013 Q4,N: 77 to 82,100.1023,86.1726,86.0845
2014 Q1,N: 77 to 82,100.152,86.7466,86.6149
2014 Q2,N: 77 to 82,99.4473,88.2367,88.727
2014 Q3,N: 77 to 82,98.7224,89.4515,90.6092
2014 Q4,N: 77 to 82,96.8886,90.1042,92.9977
2015 Q1,N: 77 to 82,97.6802,91.2011,93.3671
2015 Q2,N: 77 to 82,98.5348,93.0489,94.4326
2015 Q3,N: 77 to 82,99.5437,95.4276,95.865
2015 Q4,N: 77 to 82,95.3266,93.6819,98.2747
2016 Q1,N: 77 to 82,96.2951,94.1341,97.7558
2016 Q2,N: 77 to 82,94.1469,94.0122,99.8569
2016 Q3,N: 77 to 82,97.3769,95.3529,97.9214
2016 Q4,N: 77 to 82,99.9031,97.0238,97.1179
2017 Q1,N: 77 to 82,100.0397,99.6068,99.5673
2017 Q2,N: 77 to 82,99.6067,99.1744,99.5659
2017 Q3,N: 77 to 82,99.8696,99.7091,99.8392
2017 Q4,N: 77 to 82,99.9066,99.3749,99.4678
2018 Q1,N: 77 to 82,98.0124,98.7498,100.7523
2018 Q2,N: 77 to 82,99.5912,99.8467,100.2565
2018 Q3,N: 77 to 82,99.3657,99.7838,100.4207
2018 Q4,N: 77 to 82,98.8536,99.7838,100.9409
2019 Q1,N: 77 to 82,99.1106,98.62,99.505
2019 Q2,N: 77 to 82,98.6771,97.6804,98.9899
2019 Q3,N: 77 to 82,100.2819,100.2988,100.0168
2019 Q4,N: 77 to 82,101.8845,103.4008,101.4883
2020 Q1,N: 77 to 82,103.7434,104.6865,100.9091
2020 Q2,N: 77 to 82,97.108,74.8142,77.0423
2020 Q3,N: 77 to 82,108.3938,86.3613,79.6737
2020 Q4,N: 77 to 82,100.3616,90.0413,89.7168
2021 Q1,N: 77 to 82,103.9579,92.0267,88.5231
2021 Q2,N: 77 to 82,99.3979,96.3515,96.9351
2021 Q3,N: 77 to 82,102.7538,100.7234,98.024
2021 Q4,N: 77 to 82,108.1768,107.4661,99.343
2022 Q1,N: 77 to 82,107.2358,110.3479,102.9022
2022 Q2,N: 77 to 82,108.1975,112.3295,103.8189
2022 Q3,N: 77 to 82,111.985,112.3727,100.3462
2022 Q4,N: 77 to 82,117.4538,115.3489,98.2079
2023 Q1,N: 77 to 82,116.821,117.1457,100.2779
1997 Q1,O: 84,68.4432,76.3944,111.6173
1997 Q2,O: 84,69.5472,76.7502,110.357
1997 Q3,O: 84,69.4184,77.2205,111.2393
1997 Q4,O: 84,71.8355,78.4148,109.1587
1998 Q1,O: 84,72.5423,79.789,109.9895
1998 Q2,O: 84,72.8628,79.2736,108.7985
1998 Q3,O: 84,71.3621,78.288,109.7052
1998 Q4,O: 84,71.1022,78.198,109.9797
1999 Q1,O: 84,71.188,79.5599,111.7604
1999 Q2,O: 84,71.1357,80.8441,113.6477
1999 Q3,O: 84,71.1877,80.8278,113.5419
1999 Q4,O: 84,69.5334,79.0937,113.7492
2000 Q1,O: 84,69.2883,77.2696,111.5189
2000 Q2,O: 84,69.966,78.1898,111.754
2000 Q3,O: 84,71.8723,79.5967,110.7475
2000 Q4,O: 84,72.8959,81.0609,111.2009
2001 Q1,O: 84,74.204,82.0547,110.5799
2001 Q2,O: 84,74.002,81.8257,110.5724
2001 Q3,O: 84,73.6063,81.7194,111.0223
2001 Q4,O: 84,73.4335,81.838,111.4451
2002 Q1,O: 84,72.1115,81.2818,112.7167
2002 Q2,O: 84,72.7135,82.0098,112.7847
2002 Q3,O: 84,71.7514,81.0568,112.9689
2002 Q4,O: 84,70.8101,81.1018,114.5343
2003 Q1,O: 84,67.9377,78.8115,116.0056
2003 Q2,O: 84,68.398,80.4147,117.5688
2003 Q3,O: 84,70.0292,82.4269,117.7036
2003 Q4,O: 84,72.39,84.6722,116.9669
2004 Q1,O: 84,71.4035,84.6804,118.5942
2004 Q2,O: 84,71.0612,83.707,117.7958
2004 Q3,O: 84,70.2041,83.6784,119.193
2004 Q4,O: 84,69.0844,83.1017,120.2901
2005 Q1,O: 84,70.2934,84.0629,119.5886
2005 Q2,O: 84,72.3685,85.6456,118.3466
2005 Q3,O: 84,72.4272,86.9994,120.1198
2005 Q4,O: 84,73.33,87.7928,119.7228
2006 Q1,O: 84,73.6403,87.118,118.302
2006 Q2,O: 84,73.2225,86.8358,118.5917
2006 Q3,O: 84,73.925,87.756,118.7095
2006 Q4,O: 84,74.1882,88.2182,118.9112
2007 Q1,O: 84,74.504,88.6803,119.0276
2007 Q2,O: 84,74.1647,88.2713,119.0207
2007 Q3,O: 84,74.1239,88.3163,119.1469
2007 Q4,O: 84,73.9288,88.2468,119.3672
2008 Q1,O: 84,76.1011,89.5637,117.6904
2008 Q2,O: 84,77.8341,89.2652,114.6864
2008 Q3,O: 84,77.8351,88.9298,114.2541
2008 Q4,O: 84,77.5978,89.4247,115.2412
2009 Q1,O: 84,78.284,91.1874,116.4829
2009 Q2,O: 84,79.6322,92.627,116.3185
2009 Q3,O: 84,81.0564,93.9808,115.9449
2009 Q4,O: 84,80.125,93.0524,116.134
2010 Q1,O: 84,77.698,91.0688,117.2086
2010 Q2,O: 84,76.5945,90.5535,118.2245
2010 Q3,O: 84,77.5564,90.5657,116.7739
2010 Q4,O: 84,80.1448,92.3489,115.2276
2011 Q1,O: 84,81.5444,92.6965,113.6762
2011 Q2,O: 84,85.5662,92.5084,108.1132
2011 Q3,O: 84,84.9691,92.0463,108.329
2011 Q4,O: 84,84.9891,91.441,107.5915
2012 Q1,O: 84,85.3319,90.9052,106.5313
2012 Q2,O: 84,85.2976,90.9952,106.6797
2012 Q3,O: 84,83.8596,90.7007,108.1577
2012 Q4,O: 84,84.5075,90.4471,107.0285
2013 Q1,O: 84,84.6222,89.4328,105.6848
2013 Q2,O: 84,84.548,89.0034,105.2697
2013 Q3,O: 84,84.0987,88.6885,105.4577
2013 Q4,O: 84,86.1587,88.8398,103.1118
2014 Q1,O: 84,87.1407,88.668,101.7527
2014 Q2,O: 84,87.8221,88.8153,101.1309
2014 Q3,O: 84,87.7533,88.9134,101.322
2014 Q4,O: 84,86.6395,88.5658,102.2233
2015 Q1,O: 84,87.0832,87.5515,100.5377
2015 Q2,O: 84,89.2712,88.0137,98.5913
2015 Q3,O: 84,89.6695,88.6639,98.8786
2015 Q4,O: 84,93.7687,90.2467,96.244
2016 Q1,O: 84,91.5547,91.2937,99.7149
2016 Q2,O: 84,94.7726,91.3755,96.4155
2016 Q3,O: 84,95.9549,92.1199,96.0033
2016 Q4,O: 84,96.4963,93.1751,96.5582
2017 Q1,O: 84,96.6953,93.5677,96.7655
2017 Q2,O: 84,95.9398,94.2466,98.2351
2017 Q3,O: 84,97.5049,94.2466,96.6583
2017 Q4,O: 84,97.2525,94.4102,97.0774
2018 Q1,O: 84,96.4988,94.3611,97.7848
2018 Q2,O: 84,95.3137,93.899,98.5157
2018 Q3,O: 84,96.6971,95.3836,98.6416
2018 Q4,O: 84,98.1833,96.3488,98.1315
2019 Q1,O: 84,100.6759,100.2096,99.5368
2019 Q2,O: 84,99.7542,99.8579,100.1039
2019 Q3,O: 84,99.1342,100.2791,101.155
2019 Q4,O: 84,100.4527,99.6534,99.2043
2020 Q1,O: 84,97.3742,97.2077,99.829
2020 Q2,O: 84,95.8485,96.4306,100.6073
2020 Q3,O: 84,89.9997,93.7681,104.1871
2020 Q4,O: 84,88.4225,93.1464,105.3425
2021 Q1,O: 84,85.3936,94.173,110.2811
2021 Q2,O: 84,89.6376,97.3753,108.6323
2021 Q3,O: 84,89.5954,98.7291,110.1943
2021 Q4,O: 84,92.8032,99.4284,107.139
2022 Q1,O: 84,94.5238,100.365,106.1796
2022 Q2,O: 84,92.2689,100.5695,108.9961
2022 Q3,O: 84,94.87,101.7147,107.2148
2022 Q4,O: 84,95.9627,101.9887,106.2795
2023 Q1,O: 84,94.5911,101.2975,107.0899
1997 Q1,P: 85,138.3466,94.7183,68.4645
1997 Q2,P: 85,133.8678,91.8998,68.6497
1997 Q3,P: 85,136.2,92.8928,68.2032
1997 Q4,P: 85,136.8406,93.8757,68.6023
1998 Q1,P: 85,138.0224,92.6721,67.1428
1998 Q2,P: 85,138.85,94.3605,67.9586
1998 Q3,P: 85,140.9965,94.8186,67.2489
1998 Q4,P: 85,138.7655,95.3335,68.7011
1999 Q1,P: 85,137.2611,96.283,70.1459
1999 Q2,P: 85,135.7147,95.8082,70.5953
1999 Q3,P: 85,132.9207,95.7714,72.0516
1999 Q4,P: 85,133.3049,96.2663,72.2151
2000 Q1,P: 85,129.7235,94.1733,72.5954
2000 Q2,P: 85,131.4047,96.838,73.6945
2000 Q3,P: 85,133.6781,98.3759,73.5917
2000 Q4,P: 85,133.6543,99.5929,74.5153
2001 Q1,P: 85,134.8846,98.4127,72.9607
2001 Q2,P: 85,130.3451,98.396,75.4889
2001 Q3,P: 85,131.2804,97.6705,74.3984
2001 Q4,P: 85,128.3682,96.3064,75.0236
2002 Q1,P: 85,124.7813,93.3274,74.7928
2002 Q2,P: 85,125.9782,95.056,75.4543
2002 Q3,P: 85,120.6236,94.5578,78.3908
2002 Q4,P: 85,120.9943,95.7714,79.1537
2003 Q1,P: 85,115.4962,91.97,79.6303
2003 Q2,P: 85,116.1335,92.2509,79.4352
2003 Q3,P: 85,116.0592,93.2037,80.3071
2003 Q4,P: 85,117.9602,94.2803,79.9255
2004 Q1,P: 85,109.6554,91.9968,83.8962
2004 Q2,P: 85,116.8095,94.0463,80.5125
2004 Q3,P: 85,116.834,94.9791,81.294
2004 Q4,P: 85,113.7145,94.0262,82.6862
2005 Q1,P: 85,110.605,92.3311,83.4782
2005 Q2,P: 85,108.7809,92.3846,84.9272
2005 Q3,P: 85,110.3745,93.8757,85.052
2005 Q4,P: 85,108.0144,91.9165,85.0966
2006 Q1,P: 85,102.4952,89.6731,87.49
2006 Q2,P: 85,105.037,90.2515,85.9236
2006 Q3,P: 85,104.9195,90.1612,85.9338
2006 Q4,P: 85,104.4533,89.6163,85.7955
2007 Q1,P: 85,102.7589,88.1953,85.8274
2007 Q2,P: 85,104.4907,89.8102,85.9504
2007 Q3,P: 85,103.9582,89.7701,86.352
2007 Q4,P: 85,104.4666,89.2986,85.4806
2008 Q1,P: 85,102.8042,89.4692,87.0287
2008 Q2,P: 85,105.1231,87.7908,83.5124
2008 Q3,P: 85,100.3068,87.1689,86.9023
2008 Q4,P: 85,97.3489,86.0355,88.3785
2009 Q1,P: 85,97.4182,85.1896,87.4473
2009 Q2,P: 85,97.7096,85.9653,87.9804
2009 Q3,P: 85,102.488,87.0251,84.9125
2009 Q4,P: 85,97.8461,86.2127,88.1105
2010 Q1,P: 85,97.9491,85.3167,87.1031
2010 Q2,P: 85,97.9036,85.9051,87.7445
2010 Q3,P: 85,94.5906,83.451,88.2234
2010 Q4,P: 85,96.9426,86.2762,88.9972
2011 Q1,P: 85,99.8417,88.9643,89.1054
2011 Q2,P: 85,97.3229,87.5099,89.9171
2011 Q3,P: 85,96.9718,86.6808,89.3876
2011 Q4,P: 85,102.0557,89.2986,87.4999
2012 Q1,P: 85,100.742,90.9703,90.3003
2012 Q2,P: 85,96.0521,90.3351,94.048
2012 Q3,P: 85,98.6949,91.1375,92.3427
2012 Q4,P: 85,95.8994,90.5324,94.4035
2013 Q1,P: 85,96.7217,88.737,91.7447
2013 Q2,P: 85,95.4769,89.0379,93.2559
2013 Q3,P: 85,91.39,87.8443,96.1202
2013 Q4,P: 85,92.1547,88.6901,96.2405
2014 Q1,P: 85,90.7339,87.9178,96.8964
2014 Q2,P: 85,91.2479,88.7904,97.3068
2014 Q3,P: 85,92.0244,89.1682,96.8963
2014 Q4,P: 85,91.9087,89.5126,97.3929
2015 Q1,P: 85,91.2069,89.409,98.0287
2015 Q2,P: 85,91.8155,89.1983,97.1495
2015 Q3,P: 85,93.2676,90.2549,96.7697
2015 Q4,P: 85,90.1243,90.9503,100.9165
2016 Q1,P: 85,89.908,90.87,101.07
2016 Q2,P: 85,91.1485,89.1382,97.7944
2016 Q3,P: 85,89.1664,88.5497,99.3084
2016 Q4,P: 85,90.3028,88.8239,98.3623
2017 Q1,P: 85,90.3961,89.3287,98.8193
2017 Q2,P: 85,89.9332,89.1248,99.101
2017 Q3,P: 85,93.2298,89.9473,96.4791
2017 Q4,P: 85,93.1127,91.0706,97.8069
2018 Q1,P: 85,94.1201,93.0098,98.8204
2018 Q2,P: 85,94.2271,93.3308,99.0488
2018 Q3,P: 85,94.4069,93.8691,99.4303
2018 Q4,P: 85,96.9734,95.8851,98.8778
2019 Q1,P: 85,98.781,98.824,100.0435
2019 Q2,P: 85,100.3446,99.9774,99.6341
2019 Q3,P: 85,100.4385,100.4288,99.9904
2019 Q4,P: 85,100.4363,100.7698,100.3321
2020 Q1,P: 85,91.6686,89.3388,97.4584
2020 Q2,P: 85,70.0306,55.293,78.9555
2020 Q3,P: 85,100.89,89.4725,88.6832
2020 Q4,P: 85,98.7147,95.7414,96.9879
2021 Q1,P: 85,78.0425,77.1788,98.8933
2021 Q2,P: 85,97.1684,96.8915,99.715
2021 Q3,P: 85,96.8043,97.7006,100.9259
2021 Q4,P: 85,97.1196,97.2124,100.0956
2022 Q1,P: 85,95.7119,97.4164,101.7809
2022 Q2,P: 85,95.0199,98.4294,103.5883
2022 Q3,P: 85,97.5597,99.9641,102.4645
2022 Q4,P: 85,97.5373,98.4161,100.901
2023 Q1,P: 85,94.914,97.8109,103.0522
1997 Q1,Q: 86 to 88,105.1039,69.1784,65.8191
1997 Q2,Q: 86 to 88,107.2565,69.7377,65.0196
1997 Q3,Q: 86 to 88,107.467,69.8183,64.9672
1997 Q4,Q: 86 to 88,107.5645,69.7013,64.7995
1998 Q1,Q: 86 to 88,107.4626,69.2071,64.4011
1998 Q2,Q: 86 to 88,108.3548,69.5452,64.1828
1998 Q3,Q: 86 to 88,109.8206,71.072,64.7165
1998 Q4,Q: 86 to 88,109.92,71.8185,65.3371
1999 Q1,Q: 86 to 88,107.2466,70.4322,65.6731
1999 Q2,Q: 86 to 88,107.0555,70.2969,65.664
1999 Q3,Q: 86 to 88,106.8194,70.2631,65.7775
1999 Q4,Q: 86 to 88,106.0227,69.5296,65.5799
2000 Q1,Q: 86 to 88,105.5637,68.4918,64.8819
2000 Q2,Q: 86 to 88,108.2533,71.5923,66.134
2000 Q3,Q: 86 to 88,108.2465,73.465,67.8683
2000 Q4,Q: 86 to 88,112.1716,76.191,67.9236
2001 Q1,Q: 86 to 88,115.535,77.9545,67.4726
2001 Q2,Q: 86 to 88,116.463,79.4891,68.2527
2001 Q3,Q: 86 to 88,115.7201,79.8221,68.9786
2001 Q4,Q: 86 to 88,114.0844,79.7258,69.8832
2002 Q1,Q: 86 to 88,109.2421,77.3172,70.776
2002 Q2,Q: 86 to 88,112.3933,79.4553,70.694
2002 Q3,Q: 86 to 88,113.5196,80.4672,70.8839
2002 Q4,Q: 86 to 88,115.4565,82.7379,71.6615
2003 Q1,Q: 86 to 88,113.8351,81.5986,71.6814
2003 Q2,Q: 86 to 88,114.1142,82.8159,72.5728
2003 Q3,Q: 86 to 88,115.3644,83.989,72.8032
2003 Q4,Q: 86 to 88,118.216,85.2401,72.1054
2004 Q1,Q: 86 to 88,109.3052,82.3399,75.3303
2004 Q2,Q: 86 to 88,114.3576,85.4977,74.7634
2004 Q3,Q: 86 to 88,116.9974,88.4135,75.5687
2004 Q4,Q: 86 to 88,115.9265,89.095,76.8547
2005 Q1,Q: 86 to 88,113.1957,87.823,77.5851
2005 Q2,Q: 86 to 88,113.0523,88.7698,78.521
2005 Q3,Q: 86 to 88,113.6307,89.9143,79.1285
2005 Q4,Q: 86 to 88,113.8659,90.4631,79.4471
2006 Q1,Q: 86 to 88,111.8008,89.5267,80.077
2006 Q2,Q: 86 to 88,112.5453,89.8233,79.8108
2006 Q3,Q: 86 to 88,112.6414,90.0808,79.9713
2006 Q4,Q: 86 to 88,111.4046,88.9545,79.8482
2007 Q1,Q: 86 to 88,113.527,89.5866,78.9121
2007 Q2,Q: 86 to 88,113.2279,89.6542,79.1803
2007 Q3,Q: 86 to 88,112.1011,90.086,80.3614
2007 Q4,Q: 86 to 88,113.6449,91.2799,80.3202
2008 Q1,Q: 86 to 88,112.6301,92.1746,81.8384
2008 Q2,Q: 86 to 88,112.4204,91.9874,81.8244
2008 Q3,Q: 86 to 88,109.2458,90.5724,82.9069
2008 Q4,Q: 86 to 88,104.9559,88.1326,83.971
2009 Q1,Q: 86 to 88,104.738,86.8892,82.9586
2009 Q2,Q: 86 to 88,105.1229,88.3484,84.043
2009 Q3,Q: 86 to 88,104.8323,88.9181,84.8193
2009 Q4,Q: 86 to 88,103.9912,89.0481,85.6304
2010 Q1,Q: 86 to 88,102.8261,88.84,86.3983
2010 Q2,Q: 86 to 88,103.1253,90.0001,87.2726
2010 Q3,Q: 86 to 88,104.0296,91.5556,88.0092
2010 Q4,Q: 86 to 88,104.0222,92.609,89.0281
2011 Q1,Q: 86 to 88,102.448,91.6206,89.4313
2011 Q2,Q: 86 to 88,104.0915,92.1538,88.5315
2011 Q3,Q: 86 to 88,104.6502,92.4009,88.295
2011 Q4,Q: 86 to 88,104.3945,92.1434,88.2646
2012 Q1,Q: 86 to 88,104.3221,93.0876,89.231
2012 Q2,Q: 86 to 88,104.3046,93.2749,89.4255
2012 Q3,Q: 86 to 88,102.9454,94.0448,91.3541
2012 Q4,Q: 86 to 88,101.718,94.9656,93.3617
2013 Q1,Q: 86 to 88,102.5325,95.6887,93.3252
2013 Q2,Q: 86 to 88,100.5701,94.4584,93.9229
2013 Q3,Q: 86 to 88,100.0187,93.587,93.5695
2013 Q4,Q: 86 to 88,99.2977,93.2047,93.8639
2014 Q1,Q: 86 to 88,98.5832,92.8873,94.2223
2014 Q2,Q: 86 to 88,98.7344,93.444,94.6418
2014 Q3,Q: 86 to 88,99.4745,94.7757,95.2764
2014 Q4,Q: 86 to 88,100.8883,96.0763,95.2304
2015 Q1,Q: 86 to 88,99.8366,95.1503,95.306
2015 Q2,Q: 86 to 88,101.9599,97.6031,95.727
2015 Q3,Q: 86 to 88,102.6869,98.5395,95.9611
2015 Q4,Q: 86 to 88,103.6634,98.6852,95.1977
2016 Q1,Q: 86 to 88,100.34,97.9334,97.6016
2016 Q2,Q: 86 to 88,103.2878,98.9114,95.763
2016 Q3,Q: 86 to 88,104.4258,99.9441,95.7083
2016 Q4,Q: 86 to 88,105.0182,101.1042,96.273
2017 Q1,Q: 86 to 88,104.823,102.233,97.5292
2017 Q2,Q: 86 to 88,105.4556,102.8781,97.5558
2017 Q3,Q: 86 to 88,105.6394,102.6622,97.1818
2017 Q4,Q: 86 to 88,105.0752,102.0978,97.1664
2018 Q1,Q: 86 to 88,104.4021,101.9469,97.6483
2018 Q2,Q: 86 to 88,104.6083,101.8767,97.3887
2018 Q3,Q: 86 to 88,102.9286,101.8091,98.9123
2018 Q4,Q: 86 to 88,103.2965,100.6854,97.4722
2019 Q1,Q: 86 to 88,99.6449,97.8216,98.1702
2019 Q2,Q: 86 to 88,99.6988,99.7152,100.0164
2019 Q3,Q: 86 to 88,100.1935,100.8571,100.6622
2019 Q4,Q: 86 to 88,100.4499,101.6062,101.1511
2020 Q1,Q: 86 to 88,100.6185,101.5073,100.8834
2020 Q2,Q: 86 to 88,52.6651,50.898,96.6447
2020 Q3,Q: 86 to 88,59.3178,60.4726,101.9469
2020 Q4,Q: 86 to 88,62.0163,63.352,102.1538
2021 Q1,Q: 86 to 88,62.8835,67.0221,106.5814
2021 Q2,Q: 86 to 88,74.8259,79.2655,105.9332
2021 Q3,Q: 86 to 88,81.8795,86.7592,105.9596
2021 Q4,Q: 86 to 88,91.8291,95.5951,104.1011
2022 Q1,Q: 86 to 88,87.4487,91.8911,105.0801
2022 Q2,Q: 86 to 88,84.1598,88.5747,105.2459
2022 Q3,Q: 86 to 88,85.1816,89.0195,104.5056
2022 Q4,Q: 86 to 88,86.5717,89.3785,103.2422
2023 Q1,Q: 86 to 88,84.4643,88.6632,104.9711
1997 Q1,R: 90 to 93,110.2923,70.5024,63.9232
1997 Q2,R: 90 to 93,111.6415,73.6888,66.0048
1997 Q3,R: 90 to 93,100.0358,66.5529,66.5291
1997 Q4,R: 90 to 93,104.7511,68.7084,65.592
1998 Q1,R: 90 to 93,89.4236,61.5858,68.8698
1998 Q2,R: 90 to 93,92.2915,58.9617,63.8864
1998 Q3,R: 90 to 93,104.1831,66.2315,63.5722
1998 Q4,R: 90 to 93,100.7586,64.8258,64.3377
1999 Q1,R: 90 to 93,96.1213,64.9998,67.6227
1999 Q2,R: 90 to 93,95.7727,65.0266,67.8968
1999 Q3,R: 90 to 93,91.8481,64.4911,70.2149
1999 Q4,R: 90 to 93,92.8035,65.7496,70.8481
2000 Q1,R: 90 to 93,99.9692,69.4983,69.5197
2000 Q2,R: 90 to 93,93.1041,67.6909,72.7045
2000 Q3,R: 90 to 93,98.8958,68.9494,69.7192
2000 Q4,R: 90 to 93,97.2036,70.6363,72.6683
2001 Q1,R: 90 to 93,95.6154,71.4396,74.7156
2001 Q2,R: 90 to 93,97.7385,73.3005,74.9966
2001 Q3,R: 90 to 93,97.4628,74.4251,76.3626
2001 Q4,R: 90 to 93,100.7768,77.2768,76.6812
2002 Q1,R: 90 to 93,105.0495,80.6908,76.8122
2002 Q2,R: 90 to 93,104.7542,80.4365,76.7859
2002 Q3,R: 90 to 93,107.656,84.0647,78.0864
2002 Q4,R: 90 to 93,105.7586,82.8731,78.3606
2003 Q1,R: 90 to 93,117.0153,89.1254,76.1656
2003 Q2,R: 90 to 93,119.8145,91.8432,76.6545
2003 Q3,R: 90 to 93,126.7203,96.3283,76.0164
2003 Q4,R: 90 to 93,129.8964,99.8895,76.8994
2004 Q1,R: 90 to 93,129.4693,99.6619,76.9773
2004 Q2,R: 90 to 93,135.3968,106.1418,78.3932
2004 Q3,R: 90 to 93,124.5242,99.4076,79.8299
2004 Q4,R: 90 to 93,128.99,101.2551,78.4985
2005 Q1,R: 90 to 93,125.044,101.9513,81.5324
2005 Q2,R: 90 to 93,130.7051,105.7402,80.8998
2005 Q3,R: 90 to 93,134.7839,107.387,79.6734
2005 Q4,R: 90 to 93,137.4104,110.5064,80.4207
2006 Q1,R: 90 to 93,129.8751,106.5569,82.0457
2006 Q2,R: 90 to 93,128.6264,107.32,83.4354
2006 Q3,R: 90 to 93,128.6814,106.838,83.0253
2006 Q4,R: 90 to 93,128.9573,106.1552,82.3182
2007 Q1,R: 90 to 93,119.6089,98.6444,82.4725
2007 Q2,R: 90 to 93,122.953,101.4961,82.5487
2007 Q3,R: 90 to 93,124.8833,103.3035,82.7201
2007 Q4,R: 90 to 93,128.8905,108.1099,83.8773
2008 Q1,R: 90 to 93,128.2799,107.9091,84.12
2008 Q2,R: 90 to 93,129.8631,106.2623,81.8265
2008 Q3,R: 90 to 93,120.6412,101.389,84.0418
2008 Q4,R: 90 to 93,115.2672,95.5919,82.9308
2009 Q1,R: 90 to 93,118.7737,95.9534,80.7867
2009 Q2,R: 90 to 93,116.4189,93.8381,80.6038
2009 Q3,R: 90 to 93,120.3411,94.0255,78.1325
2009 Q4,R: 90 to 93,117.3956,88.0008,74.9609
2010 Q1,R: 90 to 93,116.4004,89.3128,76.729
2010 Q2,R: 90 to 93,116.1567,88.5631,76.2445
2010 Q3,R: 90 to 93,111.2785,90.6918,81.4999
2010 Q4,R: 90 to 93,117.021,91.7763,78.4272
2011 Q1,R: 90 to 93,121.6401,96.3952,79.2463
2011 Q2,R: 90 to 93,122.9621,97.2253,79.0693
2011 Q3,R: 90 to 93,117.9024,94.8824,80.4753
2011 Q4,R: 90 to 93,113.6651,92.3788,81.2727
2012 Q1,R: 90 to 93,109.7976,89.2861,81.3188
2012 Q2,R: 90 to 93,106.5789,88.8978,83.4104
2012 Q3,R: 90 to 93,116.8651,100.8669,86.3105
2012 Q4,R: 90 to 93,105.6407,89.7413,84.9496
2013 Q1,R: 90 to 93,109.3908,91.2541,83.4203
2013 Q2,R: 90 to 93,118.6533,97.6939,82.3356
2013 Q3,R: 90 to 93,120.5523,99.4611,82.5046
2013 Q4,R: 90 to 93,122.0414,102.6341,84.0978
2014 Q1,R: 90 to 93,121.5515,103.9194,85.4941
2014 Q2,R: 90 to 93,113.2197,101.5095,89.6571
2014 Q3,R: 90 to 93,116.4065,101.3623,87.0761
2014 Q4,R: 90 to 93,109.967,99.0996,90.1176
2015 Q1,R: 90 to 93,108.2897,98.6712,91.1178
2015 Q2,R: 90 to 93,107.3265,98.1491,91.449
2015 Q3,R: 90 to 93,109.6825,98.0286,89.3748
2015 Q4,R: 90 to 93,103.6299,93.8247,90.5383
2016 Q1,R: 90 to 93,98.3294,88.871,90.3809
2016 Q2,R: 90 to 93,99.709,88.0142,88.271
2016 Q3,R: 90 to 93,98.711,89.0183,90.1807
2016 Q4,R: 90 to 93,97.1474,89.7814,92.4177
2017 Q1,R: 90 to 93,97.2648,92.4457,95.0454
2017 Q2,R: 90 to 93,103.0287,97.2922,94.4322
2017 Q3,R: 90 to 93,98.0042,99.3005,101.3227
2017 Q4,R: 90 to 93,100.7367,99.7557,99.0261
2018 Q1,R: 90 to 93,99.8475,97.7742,97.9236
2018 Q2,R: 90 to 93,99.5318,98.4302,98.8932
2018 Q3,R: 90 to 93,101.0776,97.9616,96.9173
2018 Q4,R: 90 to 93,102.4377,98.7783,96.4277
2019 Q1,R: 90 to 93,100.6101,99.5147,98.9112
2019 Q2,R: 90 to 93,99.8234,99.18,99.3554
2019 Q3,R: 90 to 93,100.7639,100.4251,99.6638
2019 Q4,R: 90 to 93,98.8348,100.8803,102.0696
2020 Q1,R: 90 to 93,99.2266,95.5785,96.3235
2020 Q2,R: 90 to 93,83.4449,51.1296,61.2735
2020 Q3,R: 90 to 93,104.8246,68.0925,64.9585
2020 Q4,R: 90 to 93,101.9997,72.5642,71.1416
2021 Q1,R: 90 to 93,121.3229,72.35,59.6342
2021 Q2,R: 90 to 93,100.6557,79.3118,78.7952
2021 Q3,R: 90 to 93,93.287,87.3448,93.6302
2021 Q4,R: 90 to 93,102.4264,95.7392,93.4712
2022 Q1,R: 90 to 93,102.2409,100.0234,97.8311
2022 Q2,R: 90 to 93,109.4643,105.1779,96.0842
2022 Q3,R: 90 to 93,107.8874,104.5486,96.9054
2022 Q4,R: 90 to 93,109.0767,104.2809,95.6033
2023 Q1,R: 90 to 93,105.3006,105.5795,100.2649
1997 Q1,S: 94 to 96,122.093,93.8054,76.8311
1997 Q2,S: 94 to 96,123.1488,93.4843,75.9117
1997 Q3,S: 94 to 96,120.1987,91.9249,76.4774
1997 Q4,S: 94 to 96,122.4548,94.2869,76.9974
1998 Q1,S: 94 to 96,119.1992,89.4138,75.0121
1998 Q2,S: 94 to 96,119.6482,90.8471,75.9285
1998 Q3,S: 94 to 96,123.5715,92.0396,74.4829
1998 Q4,S: 94 to 96,125.5276,93.6219,74.5827
1999 Q1,S: 94 to 96,116.7599,87.3269,74.7919
1999 Q2,S: 94 to 96,121.8841,90.5719,74.3099
1999 Q3,S: 94 to 96,111.5607,86.5702,77.5992
1999 Q4,S: 94 to 96,101.8743,80.6765,79.1922
2000 Q1,S: 94 to 96,113.9706,87.6365,76.894
2000 Q2,S: 94 to 96,111.1251,87.8544,79.059
2000 Q3,S: 94 to 96,110.2409,88.8863,80.6292
2000 Q4,S: 94 to 96,106.2062,85.3203,80.3346
2001 Q1,S: 94 to 96,106.1517,85.3891,80.4407
2001 Q2,S: 94 to 96,105.7851,87.0403,82.2802
2001 Q3,S: 94 to 96,102.157,83.1188,81.3638
2001 Q4,S: 94 to 96,102.9323,84.7356,82.3216
2002 Q1,S: 94 to 96,103.3216,85.6185,82.866
2002 Q2,S: 94 to 96,104.1586,86.6275,83.1689
2002 Q3,S: 94 to 96,108.4328,89.7692,82.7879
2002 Q4,S: 94 to 96,108.1131,89.1157,82.4282
2003 Q1,S: 94 to 96,100.2118,83.8297,83.6526
2003 Q2,S: 94 to 96,100.4851,83.9559,83.5505
2003 Q3,S: 94 to 96,99.8944,83.5545,83.6429
2003 Q4,S: 94 to 96,95.7203,81.7658,85.4216
2004 Q1,S: 94 to 96,94.542,80.8256,85.4917
2004 Q2,S: 94 to 96,101.4423,84.747,83.5421
2004 Q3,S: 94 to 96,99.528,85.1139,85.5176
2004 Q4,S: 94 to 96,102.2219,86.2835,84.4081
2005 Q1,S: 94 to 96,98.5497,82.1442,83.3531
2005 Q2,S: 94 to 96,99.9657,83.2105,83.2391
2005 Q3,S: 94 to 96,101.0991,85.5153,84.5856
2005 Q4,S: 94 to 96,94.2757,81.2728,86.2075
2006 Q1,S: 94 to 96,97.3321,83.2335,85.5149
2006 Q2,S: 94 to 96,95.7271,83.1532,86.8649
2006 Q3,S: 94 to 96,96.1507,83.6233,86.9711
2006 Q4,S: 94 to 96,101.5681,86.444,85.1094
2007 Q1,S: 94 to 96,95.3697,83.1418,87.1784
2007 Q2,S: 94 to 96,93.4814,81.5365,87.2222
2007 Q3,S: 94 to 96,96.3796,83.2908,86.4195
2007 Q4,S: 94 to 96,99.8975,85.8019,85.89
2008 Q1,S: 94 to 96,97.5683,85.4465,87.5761
2008 Q2,S: 94 to 96,96.4853,83.9903,87.0498
2008 Q3,S: 94 to 96,95.2657,82.729,86.8402
2008 Q4,S: 94 to 96,92.0369,80.5504,87.5196
2009 Q1,S: 94 to 96,97.307,83.5316,85.8433
2009 Q2,S: 94 to 96,99.2675,83.4972,84.1133
2009 Q3,S: 94 to 96,103.0537,87.1091,84.5278
2009 Q4,S: 94 to 96,101.9293,87.4645,85.809
2010 Q1,S: 94 to 96,100.1735,85.8363,85.6877
2010 Q2,S: 94 to 96,99.8633,86.96,87.0791
2010 Q3,S: 94 to 96,99.2669,87.0059,87.6484
2010 Q4,S: 94 to 96,97.6419,83.222,85.2319
2011 Q1,S: 94 to 96,99.4385,83.8412,84.3147
2011 Q2,S: 94 to 96,94.4552,81.697,86.4929
2011 Q3,S: 94 to 96,93.0007,82.8666,89.1032
2011 Q4,S: 94 to 96,94.9341,82.1213,86.5034
2012 Q1,S: 94 to 96,96.5704,82.8895,85.8332
2012 Q2,S: 94 to 96,97.9756,81.697,83.3851
2012 Q3,S: 94 to 96,105.6154,84.5292,80.0349
2012 Q4,S: 94 to 96,96.2039,83.0615,86.339
2013 Q1,S: 94 to 96,98.577,84.9764,86.203
2013 Q2,S: 94 to 96,99.8754,85.1025,85.2086
2013 Q3,S: 94 to 96,95.7003,83.8871,87.656
2013 Q4,S: 94 to 96,92.0596,85.435,92.804
2014 Q1,S: 94 to 96,92.9976,86.1,92.5831
2014 Q2,S: 94 to 96,94.6024,88.1984,93.2306
2014 Q3,S: 94 to 96,94.2237,88.6341,94.0677
2014 Q4,S: 94 to 96,95.5595,89.1157,93.2567
2015 Q1,S: 94 to 96,90.1736,85.9395,95.3046
2015 Q2,S: 94 to 96,94.426,87.7626,92.9433
2015 Q3,S: 94 to 96,96.9654,89.689,92.4958
2015 Q4,S: 94 to 96,98.5417,92.2574,93.6227
2016 Q1,S: 94 to 96,97.1544,89.5285,92.1507
2016 Q2,S: 94 to 96,97.5458,91.042,93.3326
2016 Q3,S: 94 to 96,98.8228,92.9225,94.0294
2016 Q4,S: 94 to 96,101.1679,93.083,92.0084
2017 Q1,S: 94 to 96,99.3467,94.2755,94.8954
2017 Q2,S: 94 to 96,99.3978,96.2018,96.7847
2017 Q3,S: 94 to 96,100.4175,97.4631,97.0579
2017 Q4,S: 94 to 96,102.4152,99.8939,97.5382
2018 Q1,S: 94 to 96,104.3829,102.5426,98.2371
2018 Q2,S: 94 to 96,106.6019,103.5517,97.1386
2018 Q3,S: 94 to 96,105.0919,102.3936,97.4324
2018 Q4,S: 94 to 96,99.4839,98.5983,99.1098
2019 Q1,S: 94 to 96,96.8165,97.3255,100.5258
2019 Q2,S: 94 to 96,97.2122,97.2796,100.0694
2019 Q3,S: 94 to 96,103.1024,100.7195,97.6888
2019 Q4,S: 94 to 96,102.9094,104.6754,101.716
2020 Q1,S: 94 to 96,101.748,97.1879,95.5182
2020 Q2,S: 94 to 96,114.1953,68.0522,59.5928
2020 Q3,S: 94 to 96,119.0703,92.1657,77.4044
2020 Q4,S: 94 to 96,111.3161,87.8314,78.9028
2021 Q1,S: 94 to 96,115.6203,74.2325,64.2037
2021 Q2,S: 94 to 96,103.306,80.0459,77.4842
2021 Q3,S: 94 to 96,87.7203,78.0393,88.9637
2021 Q4,S: 94 to 96,89.505,82.4538,92.122
2022 Q1,S: 94 to 96,88.621,83.5775,94.3088
2022 Q2,S: 94 to 96,84.4424,81.3416,96.3279
2022 Q3,S: 94 to 96,82.3397,79.8509,96.9774
2022 Q4,S: 94 to 96,82.1363,79.5757,96.8825
2023 Q1,S: 94 to 96,84.7081,81.1466,95.7955
1997 Q1,T: 97 and 98,83.6677,87.2096,104.2333
1997 Q2,T: 97 and 98,78.549,86.2905,109.8557
1997 Q3,T: 97 and 98,82.3168,84.0439,102.0981
1997 Q4,T: 97 and 98,85.1506,83.3291,97.8609
1998 Q1,T: 97 and 98,82.6855,82.7164,100.0373
1998 Q2,T: 97 and 98,87.0444,82.9206,95.2625
1998 Q3,T: 97 and 98,87.9109,82.9206,94.3235
1998 Q4,T: 97 and 98,86.2655,82.2058,95.2939
1999 Q1,T: 97 and 98,80.6067,76.6913,95.1426
1999 Q2,T: 97 and 98,88.6623,87.516,98.7071
1999 Q3,T: 97 and 98,85.7289,85.1672,99.3448
1999 Q4,T: 97 and 98,91.2716,91.0901,99.8012
2000 Q1,T: 97 and 98,86.6697,83.7376,96.6169
2000 Q2,T: 97 and 98,106.9135,104.1613,97.4258
2000 Q3,T: 97 and 98,102.0235,97.83,95.8897
2000 Q4,T: 97 and 98,102.1969,98.2384,96.1267
2001 Q1,T: 97 and 98,87.9885,86.8011,98.6505
2001 Q2,T: 97 and 98,110.9278,102.3232,92.2431
2001 Q3,T: 97 and 98,97.6889,93.7452,95.963
2001 Q4,T: 97 and 98,91.0717,85.4736,93.8531
2002 Q1,T: 97 and 98,78.618,70.0536,89.1063
2002 Q2,T: 97 and 98,85.853,77.7125,90.5181
2002 Q3,T: 97 and 98,83.1914,76.9977,92.5549
2002 Q4,T: 97 and 98,81.1808,76.0786,93.7151
2003 Q1,T: 97 and 98,72.9,72.9129,100.0178
2003 Q2,T: 97 and 98,61.7894,61.782,99.9879
2003 Q3,T: 97 and 98,64.0693,65.1519,101.6898
2003 Q4,T: 97 and 98,47.2948,48.098,101.6983
2004 Q1,T: 97 and 98,66.2235,66.4794,100.3865
2004 Q2,T: 97 and 98,63.0409,63.9265,101.4048
2004 Q3,T: 97 and 98,68.8483,67.5006,98.0426
2004 Q4,T: 97 and 98,61.406,59.229,96.4547
2005 Q1,T: 97 and 98,68.8742,66.071,95.93
2005 Q2,T: 97 and 98,87.7121,84.146,95.9343
2005 Q3,T: 97 and 98,61.4999,59.8417,97.3038
2005 Q4,T: 97 and 98,91.9884,87.8223,95.4711
2006 Q1,T: 97 and 98,71.738,70.9727,98.9332
2006 Q2,T: 97 and 98,61.4575,61.2714,99.6971
2006 Q3,T: 97 and 98,65.1597,66.8879,102.6522
2006 Q4,T: 97 and 98,73.31,74.2405,101.2692
2007 Q1,T: 97 and 98,61.2248,62.8032,102.5781
2007 Q2,T: 97 and 98,45.0808,42.5836,94.4607
2007 Q3,T: 97 and 98,62.631,61.6799,98.4814
2007 Q4,T: 97 and 98,57.7616,62.8032,108.7282
2008 Q1,T: 97 and 98,42.6097,46.5662,109.2856
2008 Q2,T: 97 and 98,59.1335,62.3947,105.515
2008 Q3,T: 97 and 98,62.3942,64.2328,102.9469
2008 Q4,T: 97 and 98,62.6442,65.8667,105.1443
2009 Q1,T: 97 and 98,53.9796,51.7743,95.9146
2009 Q2,T: 97 and 98,56.8,57.0845,100.501
2009 Q3,T: 97 and 98,49.1018,49.3235,100.4515
2009 Q4,T: 97 and 98,61.3724,51.6722,84.1945
2010 Q1,T: 97 and 98,81.6371,65.8667,80.6823
2010 Q2,T: 97 and 98,81.417,73.0151,89.6804
2010 Q3,T: 97 and 98,88.3467,71.3812,80.7966
2010 Q4,T: 97 and 98,63.5985,64.335,101.1579
2011 Q1,T: 97 and 98,56.786,70.0536,123.3643
2011 Q2,T: 97 and 98,65.2572,69.7473,106.8806
2011 Q3,T: 97 and 98,63.5729,66.2752,104.2507
2011 Q4,T: 97 and 98,68.2945,63.0074,92.2583
2012 Q1,T: 97 and 98,82.7928,67.1943,81.1596
2012 Q2,T: 97 and 98,80.7997,65.5604,81.1394
2012 Q3,T: 97 and 98,74.2866,70.8706,95.4015
2012 Q4,T: 97 and 98,72.2813,68.8282,95.2227
2013 Q1,T: 97 and 98,79.1061,68.8282,87.0074
2013 Q2,T: 97 and 98,76.3238,69.3388,90.8481
2013 Q3,T: 97 and 98,85.2804,71.279,83.5819
2013 Q4,T: 97 and 98,64.6419,76.7935,118.7983
2014 Q1,T: 97 and 98,74.3989,85.0651,114.3365
2014 Q2,T: 97 and 98,68.0153,75.2617,110.654
2014 Q3,T: 97 and 98,74.4914,72.096,96.7843
2014 Q4,T: 97 and 98,85.6642,73.6278,85.9493
2015 Q1,T: 97 and 98,83.0881,73.3214,88.2454
2015 Q2,T: 97 and 98,78.8457,70.5642,89.4965
2015 Q3,T: 97 and 98,71.9631,65.5604,91.1028
2015 Q4,T: 97 and 98,80.0366,81.3888,101.6895
2016 Q1,T: 97 and 98,70.6054,81.7973,115.8513
2016 Q2,T: 97 and 98,80.9814,91.2944,112.7349
2016 Q3,T: 97 and 98,83.8257,92.3155,110.128
2016 Q4,T: 97 and 98,77.596,86.2905,111.2049
2017 Q1,T: 97 and 98,89.8083,85.7799,95.5145
2017 Q2,T: 97 and 98,87.7283,85.8821,97.8955
2017 Q3,T: 97 and 98,86.484,88.1287,101.9017
2017 Q4,T: 97 and 98,82.5739,86.9032,105.243
2018 Q1,T: 97 and 98,84.6733,88.3329,104.322
2018 Q2,T: 97 and 98,93.1208,91.4986,98.258
2018 Q3,T: 97 and 98,89.138,94.6643,106.1998
2018 Q4,T: 97 and 98,115.9443,101.8126,87.8117
2019 Q1,T: 97 and 98,116.4372,98.1363,84.2826
2019 Q2,T: 97 and 98,100.524,99.6681,99.1486
2019 Q3,T: 97 and 98,97.8034,98.4427,100.6537
2019 Q4,T: 97 and 98,89.5076,103.7529,115.9151
2020 Q1,T: 97 and 98,89.9158,94.6643,105.2811
2020 Q2,T: 97 and 98,58.4667,48.5065,82.9644
2020 Q3,T: 97 and 98,103.56,84.2481,81.352
2020 Q4,T: 97 and 98,91.4859,84.3503,92.2003
2021 Q1,T: 97 and 98,61.4164,68.9303,112.2343
2021 Q2,T: 97 and 98,62.8439,81.2867,129.347
2021 Q3,T: 97 and 98,52.7386,71.0748,134.768
2021 Q4,T: 97 and 98,60.2138,74.1384,123.1252
2022 Q1,T: 97 and 98,56.7637,69.4409,122.3333
2022 Q2,T: 97 and 98,81.6987,68.5218,83.8714
2022 Q3,T: 97 and 98,73.1869,63.9265,87.3469
2022 Q4,T: 97 and 98,64.5536,60.6587,93.9664
2023 Q1,T: 97 and 98,60.7113,61.1693,100.7544
